Athlete_ID,Age,Gender,Sport,HR_Variability,VO2_Max,Speed_Index,Endurance_Hours,Risky_Moves,Sleep_Hours,Step_Count,Injury_History,Training_Load,Recovery_Time,Feedback_Level
A0001,24,M,Tennis,51.39,38.07,6.71,4.18,1,7.8,14229,0,392,30.1,5
A0002,21,F,Volleyball,51.2,52.25,5.47,3.19,3,6.1,9239,1,361,21.0,4
A0003,22,M,Swimming,69.62,40.5,5.61,4.77,1,6.4,14566,0,250,24.3,1
A0004,24,M,Basketball,59.47,41.16,7.88,4.29,4,7.9,11391,0,202,25.9,3
A0005,20,M,Basketball,52.19,48.19,6.14,3.09,2,6.3,12213,1,327,16.6,2
A0006,22,F,Tennis,56.29,43.57,5.95,2.72,3,6.8,11997,1,318,22.6,4
A0007,22,F,Swimming,49.89,46.54,5.16,3.22,2,6.0,11006,0,257,30.6,4
A0008,24,F,Athletics,59.33,34.22,7.35,4.67,2,8.8,11039,0,324,29.4,5
A0009,19,F,Swimming,68.32,46.42,5.44,3.76,1,7.5,14558,0,399,22.5,4
A0010,20,M,Athletics,59.72,46.09,6.48,4.06,1,6.7,8598,0,312,27.6,5
A0011,24,F,Swimming,83.64,42.45,4.79,2.93,1,6.6,10087,0,254,28.2,5
A0012,20,F,Swimming,64.21,34.63,7.32,4.69,4,5.8,9184,1,318,28.0,3
A0013,20,M,Soccer,62.3,43.94,7.68,2.39,1,6.9,10750,0,319,18.3,1
A0014,22,M,Basketball,50.92,44.81,6.98,3.48,2,7.7,10584,1,279,32.2,4
A0015,21,M,Swimming,57.61,43.16,4.97,4.33,1,6.2,14563,1,241,21.7,1
A0016,20,F,Tennis,52.21,35.82,7.34,3.1,2,7.1,12759,0,220,24.5,1
A0017,23,M,Swimming,38.34,52.97,5.67,4.49,3,6.6,14238,1,209,22.2,1
A0018,22,M,Volleyball,69.74,41.81,5.33,3.3,2,8.4,11513,0,256,25.1,5
A0019,19,M,Basketball,54.89,43.89,6.12,3.02,2,6.4,13677,0,352,19.7,1
A0020,21,F,Volleyball,52.4,32.95,6.1,5.03,0,7.8,12745,0,255,22.9,4
A0021,23,M,Basketball,62.11,52.97,5.99,4.12,0,8.4,12054,0,237,24.9,5
A0022,23,F,Volleyball,65.12,42.67,7.77,4.42,0,6.6,13585,1,285,30.1,4
A0023,19,F,Swimming,56.79,45.49,8.51,4.81,3,6.4,12383,1,312,29.5,5
A0024,21,M,Swimming,59.97,50.6,5.13,1.9,3,7.9,11936,0,388,29.8,2
A0025,22,M,Soccer,67.46,41.62,5.81,4.51,2,5.2,9699,1,311,28.3,2
A0026,18,F,Tennis,56.4,49.82,6.64,3.39,0,7.4,12507,0,374,33.2,2
A0027,21,M,Volleyball,63.02,34.69,6.11,3.5,3,5.4,14543,1,253,22.5,2
A0028,19,M,Athletics,43.41,47.75,6.9,4.35,1,8.2,10575,0,245,23.2,5
A0029,23,F,Soccer,47.59,52.86,7.42,3.71,1,6.7,13137,0,395,23.0,1
A0030,22,F,Volleyball,66.06,42.1,7.25,4.48,2,6.9,8135,0,203,23.7,3
A0031,21,M,Volleyball,47.06,50.59,7.11,3.97,3,6.3,10025,0,393,16.8,3
A0032,18,F,Soccer,62.34,54.17,8.16,4.13,2,5.4,11535,0,370,25.3,2
A0033,18,M,Swimming,58.53,43.73,4.91,3.61,2,8.3,12854,1,261,26.5,1
A0034,20,M,Volleyball,56.36,43.31,7.98,3.15,3,6.8,13367,0,323,22.7,4
A0035,20,M,Swimming,51.72,40.51,6.09,3.41,6,10.2,10890,1,327,15.2,1
A0036,24,F,Soccer,69.09,42.45,7.29,3.92,2,6.2,10757,1,311,24.1,4
A0037,19,M,Swimming,77.3,40.92,5.47,5.47,0,6.4,13120,0,284,17.5,3
A0038,21,M,Basketball,63.0,40.5,5.59,5.18,3,6.1,11773,0,203,26.1,1
A0039,21,M,Athletics,63.22,50.99,7.16,3.48,0,6.8,8380,1,264,24.6,1
A0040,24,F,Volleyball,53.18,41.05,4.57,4.05,1,8.6,14652,0,261,25.1,3
A0041,23,F,Tennis,48.04,46.29,7.49,3.77,0,8.0,9528,0,289,18.7,1
A0042,23,F,Athletics,59.6,45.19,7.76,4.1,5,5.5,12901,0,319,30.3,4
A0043,24,F,Swimming,50.26,52.49,6.68,4.21,0,8.2,12571,0,329,24.9,1
A0044,23,F,Volleyball,42.27,42.48,6.64,4.42,7,7.7,11628,1,336,19.4,4
A0045,20,M,Swimming,68.03,46.91,5.67,1.68,2,7.5,13049,0,384,26.9,2
A0046,21,F,Basketball,68.52,48.96,7.17,4.29,4,6.3,8848,0,244,24.5,1
A0047,24,F,Soccer,51.41,52.45,6.85,3.68,4,6.4,12992,0,345,33.2,4
A0048,21,F,Volleyball,62.44,42.41,5.58,3.44,1,7.1,12127,1,311,21.2,3
A0049,18,M,Basketball,70.02,41.91,6.11,4.64,2,6.4,9927,1,375,17.8,2
A0050,20,F,Basketball,62.05,39.69,6.34,5.17,1,8.3,10165,0,241,25.4,1
A0051,22,F,Volleyball,48.07,56.18,6.11,4.55,2,6.4,12286,0,240,29.1,4
A0052,20,M,Swimming,57.67,51.92,5.14,3.59,0,5.1,13866,0,288,35.6,1
A0053,24,F,Tennis,73.27,44.79,7.2,3.14,3,5.7,13869,0,385,41.1,4
A0054,22,M,Basketball,62.47,54.66,6.26,1.6,2,5.8,10121,0,241,16.2,1
A0055,18,M,Athletics,65.39,44.49,6.52,4.15,2,6.7,12718,1,234,23.3,2
A0056,24,M,Basketball,63.42,48.62,5.92,4.46,3,7.2,13222,0,365,17.8,2
A0057,19,M,Tennis,51.44,45.05,6.98,3.92,0,7.1,10918,0,266,22.8,1
A0058,21,M,Swimming,53.79,46.99,6.7,4.75,2,7.5,12681,1,240,36.4,1
A0059,18,F,Swimming,63.39,46.46,7.71,2.94,0,6.7,14563,0,298,19.9,5
A0060,21,M,Athletics,68.17,42.88,6.98,3.86,0,6.8,8472,0,249,23.9,1
A0061,23,M,Basketball,71.0,50.46,6.3,3.8,4,8.8,9787,0,303,21.1,1
A0062,19,F,Swimming,51.42,48.58,5.76,3.91,1,8.2,8113,0,285,19.0,2
A0063,19,M,Tennis,64.33,50.14,7.37,4.93,2,7.4,13498,1,399,33.0,1
A0064,18,F,Volleyball,71.87,46.6,6.22,3.92,0,7.9,9336,0,278,16.3,3
A0065,19,F,Soccer,50.13,40.47,6.33,3.76,0,5.1,14473,0,244,23.6,1
A0066,22,F,Soccer,74.87,53.55,6.33,3.25,4,6.2,8338,0,398,24.4,5
A0067,19,M,Soccer,76.39,43.69,6.1,5.06,0,6.6,10285,1,346,23.8,4
A0068,21,M,Basketball,86.25,46.82,6.35,2.86,2,6.2,9196,0,305,22.4,2
A0069,21,M,Athletics,62.31,48.18,8.43,3.56,1,5.5,8078,0,344,32.1,3
A0070,24,F,Swimming,62.36,46.79,5.45,5.36,2,7.4,12559,1,392,13.4,4
A0071,21,M,Volleyball,68.27,49.58,5.69,4.37,2,8.4,14017,0,321,26.2,3
A0072,24,M,Tennis,67.98,50.37,7.88,3.98,2,7.0,10652,1,276,26.4,2
A0073,21,M,Volleyball,71.26,43.88,6.13,4.02,2,7.6,14083,0,255,25.4,5
A0074,22,F,Tennis,67.84,53.13,6.05,3.24,2,7.0,12657,0,311,19.8,2
A0075,24,F,Basketball,58.94,43.67,7.53,3.95,1,6.6,12380,0,292,30.0,3
A0076,20,M,Soccer,72.22,46.68,5.08,3.72,1,7.9,12318,0,240,29.8,3
A0077,23,M,Basketball,49.29,43.06,7.32,4.14,1,5.6,10640,0,369,19.7,2
A0078,18,M,Athletics,60.06,41.63,6.55,2.8,5,5.1,13385,0,205,18.0,1
A0079,21,M,Athletics,75.64,50.22,6.96,4.32,3,5.6,13786,0,396,17.0,2
A0080,19,F,Tennis,47.5,60.61,6.95,4.81,2,7.9,14516,0,297,25.1,5
A0081,21,F,Swimming,53.23,43.19,5.87,3.84,1,7.1,9256,0,272,24.2,2
A0082,19,F,Swimming,66.72,51.08,7.55,4.52,3,7.4,8827,1,367,22.2,4
A0083,23,F,Tennis,63.94,43.37,5.95,4.25,0,8.7,14379,0,240,34.4,1
A0084,23,M,Athletics,51.25,44.95,6.91,3.51,2,5.8,10718,1,208,21.7,4
A0085,23,M,Athletics,55.84,53.79,7.74,3.15,1,8.2,12923,0,207,24.9,2
A0086,19,M,Athletics,48.19,39.63,7.88,3.27,3,6.6,10810,0,371,23.0,1
A0087,21,F,Basketball,69.8,38.31,6.23,4.23,1,6.5,11385,0,385,33.8,4
A0088,23,M,Athletics,57.44,44.56,6.96,3.96,0,7.1,14056,1,303,14.1,4
A0089,22,F,Volleyball,77.92,48.32,6.14,5.02,2,7.2,9965,1,394,22.5,1
A0090,24,F,Soccer,60.81,47.32,9.0,4.63,3,6.8,10427,0,212,27.1,1
A0091,19,M,Athletics,57.8,46.8,7.28,4.63,1,7.6,10841,1,218,22.9,3
A0092,19,M,Tennis,56.83,45.17,6.58,4.21,2,7.1,8613,0,297,17.5,1
A0093,21,M,Soccer,57.56,48.93,6.81,3.23,1,6.8,8562,0,295,24.9,2
A0094,19,F,Basketball,61.11,30.43,6.91,4.26,3,6.6,14563,1,248,15.9,5
A0095,19,M,Tennis,85.12,41.25,6.94,4.05,2,7.2,14195,1,299,27.4,3
A0096,23,F,Soccer,56.61,44.53,6.26,3.09,1,5.6,13840,1,281,21.9,1
A0097,21,M,Tennis,56.94,48.52,6.11,4.97,4,5.9,14962,0,357,21.1,5
A0098,23,F,Basketball,60.66,52.45,6.35,4.88,0,6.6,13901,0,265,29.2,3
A0099,24,F,Volleyball,70.9,40.57,5.36,3.08,7,7.5,14064,0,290,19.0,2
A0100,24,M,Basketball,45.79,52.29,7.22,3.49,2,9.1,14348,0,258,16.3,5
A0101,23,F,Basketball,64.55,42.74,5.7,3.56,4,6.8,12826,1,252,19.4,1
A0102,24,F,Tennis,51.83,44.35,5.44,4.49,3,5.2,12352,0,251,34.2,1
A0103,21,M,Swimming,65.53,47.91,6.49,4.4,3,6.2,8184,0,280,19.0,2
A0104,18,F,Athletics,55.06,43.98,6.37,4.04,6,7.7,10192,0,358,25.8,3
A0105,23,M,Athletics,36.96,50.55,6.75,4.22,1,6.0,14127,0,214,28.2,5
A0106,22,F,Volleyball,63.7,42.98,5.93,2.97,0,5.7,13809,0,320,19.3,2
A0107,22,M,Volleyball,63.61,43.05,6.11,4.31,3,7.7,12065,0,347,19.3,3
A0108,19,M,Athletics,54.21,50.26,7.19,3.92,1,7.5,8245,1,204,24.9,4
A0109,24,F,Swimming,53.62,41.18,7.13,3.46,0,5.5,12086,0,334,25.1,4
A0110,22,F,Athletics,46.89,46.24,7.09,2.77,0,6.1,10234,1,217,30.7,3
A0111,19,F,Swimming,67.73,36.7,6.53,4.02,1,8.2,8865,0,255,20.2,1
A0112,18,F,Volleyball,68.82,54.1,6.67,4.29,3,7.9,10087,0,274,22.1,1
A0113,21,F,Soccer,51.21,51.03,6.73,2.64,5,5.8,8600,0,295,38.2,4
A0114,21,M,Tennis,54.6,58.75,5.84,4.01,1,5.0,13057,1,313,15.0,1
A0115,21,F,Volleyball,59.37,51.69,7.97,4.1,4,7.3,13537,0,300,14.0,1
A0116,22,M,Volleyball,82.71,39.35,7.83,3.56,3,6.7,11033,0,372,17.1,3
A0117,18,M,Basketball,65.45,48.34,7.29,4.3,2,7.2,10056,0,227,29.5,3
A0118,22,F,Basketball,50.57,40.41,6.07,3.89,2,7.6,14493,0,249,21.8,1
A0119,24,M,Basketball,63.04,52.89,7.04,4.23,1,6.0,10131,1,201,21.8,3
A0120,22,M,Tennis,46.23,39.49,7.48,4.43,3,6.6,8532,1,267,19.2,5
A0121,18,M,Basketball,67.18,39.25,5.28,4.43,3,6.1,13084,0,327,28.6,4
A0122,18,M,Swimming,76.76,36.95,8.19,4.81,6,6.1,10042,0,276,17.2,5
A0123,24,F,Athletics,76.8,42.56,4.76,4.27,2,7.6,8357,1,223,21.1,5
A0124,18,M,Soccer,67.35,41.55,7.2,3.62,2,7.1,8377,0,311,19.4,1
A0125,18,F,Volleyball,54.17,38.69,7.95,3.48,2,5.4,10219,0,375,10.6,1
A0126,21,F,Swimming,46.99,54.95,6.39,3.15,2,7.7,13144,0,372,21.6,5
A0127,24,M,Soccer,46.0,47.65,6.35,4.12,3,6.6,12488,0,318,23.7,5
A0128,20,F,Swimming,31.94,47.06,7.17,5.06,3,7.8,13222,0,385,20.1,2
A0129,20,F,Swimming,66.94,52.95,8.35,3.71,2,6.0,12797,1,235,22.7,2
A0130,18,F,Volleyball,58.97,46.28,6.22,4.36,3,6.1,11307,0,201,22.8,4
A0131,20,M,Athletics,69.09,41.26,5.72,3.4,2,7.3,13529,0,326,23.3,5
A0132,20,F,Basketball,74.28,36.5,6.08,4.16,1,5.9,10596,1,304,18.7,3
A0133,18,F,Tennis,61.0,40.97,4.95,5.01,1,6.7,8783,0,217,18.4,2
A0134,20,F,Athletics,61.46,52.53,7.4,4.55,2,5.8,13924,0,376,24.2,1
A0135,22,M,Tennis,55.36,38.72,5.99,2.74,1,6.6,10379,0,207,16.6,5
A0136,19,F,Volleyball,56.54,46.77,6.29,4.46,3,7.0,14937,0,385,22.9,3
A0137,24,M,Volleyball,67.28,50.17,7.41,4.49,3,7.0,11603,1,214,32.2,3
A0138,19,M,Volleyball,58.26,46.43,6.12,4.14,1,6.6,14792,1,344,23.8,3
A0139,18,M,Soccer,56.81,46.99,7.26,4.53,4,7.3,8982,0,222,14.9,1
A0140,21,M,Tennis,59.82,48.28,5.46,3.33,4,7.1,11942,1,393,24.9,2
A0141,24,M,Athletics,68.86,46.9,7.46,4.05,2,6.9,10590,0,397,28.1,3
A0142,18,M,Athletics,53.07,53.05,6.84,4.89,2,6.4,9042,1,292,20.0,2
A0143,21,F,Swimming,59.33,39.8,6.41,4.82,5,8.1,13267,0,354,22.5,4
A0144,19,M,Swimming,62.45,46.2,6.63,4.44,2,7.4,10538,0,364,19.6,1
A0145,18,F,Swimming,71.6,35.91,5.21,3.29,5,6.0,14426,0,248,21.7,2
A0146,24,F,Volleyball,57.61,34.63,6.61,3.17,3,7.6,8861,0,263,20.7,2
A0147,24,M,Athletics,52.82,44.59,6.36,4.09,3,7.9,9876,0,233,26.2,3
A0148,23,F,Tennis,55.16,47.72,5.24,4.14,1,6.9,9835,0,217,32.3,3
A0149,22,F,Volleyball,70.53,53.15,5.83,3.92,3,7.0,13794,1,263,24.3,1
A0150,20,F,Soccer,80.33,57.1,6.37,3.36,0,4.9,12208,0,305,16.3,2
A0151,21,F,Swimming,46.86,51.6,5.89,4.35,3,6.2,11526,1,273,36.6,5
A0152,23,M,Volleyball,49.05,48.64,4.09,4.09,1,7.8,9685,0,301,26.9,3
A0153,20,F,Volleyball,58.31,45.8,7.58,4.23,0,6.2,11401,0,371,27.9,3
A0154,20,M,Soccer,61.11,37.34,6.36,4.47,1,6.8,9622,1,216,23.7,4
A0155,18,F,Basketball,67.87,44.27,4.23,3.78,5,6.1,13518,0,386,25.2,1
A0156,20,F,Athletics,51.09,51.45,8.63,3.61,0,7.2,12957,1,340,22.3,2
A0157,22,M,Tennis,49.37,49.49,7.74,4.89,3,7.4,10657,1,251,28.5,2
A0158,24,F,Basketball,61.38,38.57,6.15,3.39,1,7.4,9932,0,387,21.6,2
A0159,23,F,Swimming,57.42,48.07,5.66,3.62,2,5.9,8507,0,369,26.4,3
A0160,20,F,Volleyball,69.27,47.64,6.9,4.99,3,7.1,13763,0,263,28.8,1
A0161,18,M,Soccer,64.87,46.75,6.7,3.56,4,8.6,12561,0,393,30.2,2
A0162,22,F,Soccer,65.55,44.86,7.04,3.92,0,7.7,14967,0,233,29.2,5
A0163,19,M,Athletics,58.96,48.33,5.66,3.67,1,7.1,11478,1,294,18.9,4
A0164,24,F,Basketball,83.56,48.49,7.6,2.57,4,5.1,10656,0,286,31.9,4
A0165,24,M,Athletics,51.62,41.79,6.03,3.9,1,6.8,9121,0,398,27.3,2
A0166,23,M,Volleyball,66.11,47.28,7.18,3.19,4,8.6,8289,0,301,25.5,3
A0167,24,F,Athletics,47.3,44.05,5.7,4.2,5,8.3,13858,1,391,26.1,4
A0168,20,F,Tennis,49.27,37.56,9.15,4.88,1,7.5,10829,0,360,23.2,4
A0169,18,M,Soccer,53.93,42.19,7.2,2.23,2,6.3,10209,0,339,21.7,4
A0170,24,M,Soccer,76.29,37.18,9.38,3.67,3,7.1,14767,0,275,22.2,4
A0171,24,F,Swimming,62.64,49.9,7.33,4.36,1,7.8,13962,1,218,30.4,2
A0172,19,M,Swimming,54.1,46.78,5.94,2.25,3,7.9,12812,1,336,24.4,1
A0173,19,F,Volleyball,63.74,43.22,7.33,5.07,2,7.3,9400,0,273,25.4,1
A0174,21,F,Tennis,60.35,52.1,7.4,4.3,3,7.9,8566,1,344,24.3,3
A0175,22,F,Basketball,55.08,45.34,6.87,4.87,1,6.9,9473,0,249,20.7,5
A0176,20,F,Athletics,46.03,37.84,7.13,3.55,0,6.9,13089,1,238,13.3,1
A0177,24,M,Volleyball,74.39,42.8,7.26,3.65,3,6.5,13236,0,368,27.8,5
A0178,24,F,Swimming,62.1,53.16,5.51,3.87,0,7.4,9987,0,337,27.3,1
A0179,18,M,Athletics,81.74,41.65,5.44,5.71,1,8.0,11787,0,211,23.9,1
A0180,21,F,Swimming,69.4,46.38,5.71,5.05,0,7.7,11865,0,278,18.5,3
A0181,22,M,Athletics,65.51,48.72,6.63,4.11,2,5.8,11260,1,214,33.1,4
A0182,21,F,Basketball,55.65,47.95,6.28,4.2,1,5.8,11547,0,227,22.3,3
A0183,23,M,Volleyball,49.05,57.25,5.52,4.51,1,8.1,14739,1,331,25.2,1
A0184,22,M,Athletics,57.82,39.12,7.28,5.91,1,7.2,14089,0,235,20.5,4
A0185,24,F,Tennis,48.76,39.62,6.78,4.31,0,7.2,11251,0,318,17.3,4
A0186,24,F,Soccer,66.5,39.2,6.67,4.04,1,7.2,13905,0,264,26.9,4
A0187,22,F,Tennis,76.33,43.52,6.24,3.73,0,8.8,13300,0,297,16.5,5
A0188,24,F,Tennis,57.39,50.5,6.12,4.19,2,6.6,13054,1,246,25.1,1
A0189,20,M,Soccer,69.44,39.84,5.66,3.53,3,8.1,9716,0,280,25.2,2
A0190,22,F,Tennis,53.11,50.57,7.43,4.4,2,7.2,9012,0,238,18.4,3
A0191,21,M,Athletics,56.98,45.18,5.8,2.85,3,5.4,13914,0,237,17.5,5
A0192,22,M,Athletics,51.85,39.46,6.71,3.79,2,6.2,9310,0,243,20.1,3
A0193,24,F,Athletics,38.67,36.24,8.16,4.59,1,6.4,12570,1,378,20.9,2
A0194,20,M,Soccer,59.63,37.36,6.17,4.3,3,8.1,8617,0,296,16.4,4
A0195,20,M,Tennis,61.28,41.67,7.46,3.63,0,8.2,12736,1,323,18.4,2
A0196,23,M,Soccer,70.66,44.15,7.07,3.81,0,7.4,14405,0,225,24.4,3
A0197,21,M,Athletics,67.95,51.73,6.81,4.83,1,6.5,12257,0,363,33.9,2
A0198,19,F,Tennis,68.09,49.0,6.93,3.03,4,6.1,14099,1,396,29.0,1
A0199,19,F,Tennis,50.26,40.81,6.41,3.04,4,8.1,9982,0,296,24.8,2
A0200,22,F,Swimming,64.59,47.04,6.53,3.26,0,5.7,10228,0,200,29.6,1
A0201,23,F,Swimming,75.83,53.26,5.95,3.99,7,6.9,12820,0,252,29.8,2
A0202,18,M,Basketball,63.8,54.37,6.54,2.91,3,9.4,8468,0,205,22.5,1
A0203,22,M,Volleyball,78.29,43.43,5.91,4.76,3,6.5,13905,1,236,25.3,1
A0204,23,F,Swimming,80.19,49.79,7.51,3.26,4,5.7,12116,0,201,28.9,2
A0205,21,F,Soccer,57.32,51.95,4.8,4.18,2,5.2,12355,1,322,29.6,5
A0206,21,F,Swimming,53.03,37.46,6.98,3.54,3,9.4,14609,0,268,29.6,4
A0207,21,M,Basketball,52.39,42.44,6.84,3.95,1,7.3,9139,0,368,18.9,4
A0208,21,F,Tennis,44.84,56.1,6.75,2.72,3,6.1,9436,0,378,29.9,4
A0209,21,F,Basketball,54.82,43.49,7.52,4.8,1,6.8,8536,0,374,33.3,1
A0210,23,F,Tennis,72.08,30.36,6.21,3.23,1,6.3,8951,1,212,31.5,4
A0211,23,M,Tennis,37.96,44.4,6.76,3.15,2,5.1,10813,0,268,18.6,1
A0212,20,M,Volleyball,49.63,50.62,4.78,5.9,2,7.8,11006,0,265,17.3,5
A0213,19,M,Swimming,58.73,45.03,6.08,4.44,2,7.0,11994,1,258,26.3,2
A0214,24,M,Soccer,51.23,48.58,7.36,4.77,2,7.7,14075,1,267,31.4,2
A0215,21,M,Soccer,54.73,49.69,5.16,4.37,3,7.0,9840,0,258,25.1,1
A0216,18,M,Athletics,54.88,43.23,6.66,3.64,3,7.1,13952,1,316,22.8,1
A0217,24,M,Tennis,57.42,42.4,5.82,2.95,4,4.8,8850,0,209,23.5,5
A0218,23,M,Soccer,52.71,45.77,6.39,3.76,3,7.9,9971,0,340,29.1,4
A0219,18,F,Volleyball,51.89,45.89,5.88,3.22,2,5.9,13376,0,329,22.4,5
A0220,18,F,Tennis,69.34,45.27,5.25,3.27,1,6.2,9191,0,214,26.4,2
A0221,18,M,Volleyball,70.5,45.48,6.89,2.73,2,6.5,11920,0,245,23.3,2
A0222,20,M,Soccer,46.19,41.26,6.45,4.09,4,4.9,12628,0,384,19.6,4
A0223,23,F,Soccer,32.4,48.75,7.11,5.26,1,6.4,10062,0,337,19.2,2
A0224,18,M,Athletics,70.63,48.0,7.29,4.45,2,6.3,14193,1,349,26.6,1
A0225,21,M,Soccer,47.71,38.32,7.73,3.92,1,6.6,11046,1,288,10.5,2
A0226,22,M,Tennis,62.13,43.05,6.63,3.97,1,5.3,12399,1,276,26.4,3
A0227,18,F,Tennis,44.34,45.47,7.77,1.56,2,7.9,11558,0,335,23.1,4
A0228,20,F,Tennis,72.98,42.33,5.52,3.66,1,7.4,12511,0,348,28.7,4
A0229,24,F,Athletics,85.44,48.19,7.41,2.86,4,6.1,8304,0,349,27.0,4
A0230,23,F,Athletics,61.83,44.67,6.96,4.11,1,6.4,14339,0,309,24.2,3
A0231,20,F,Soccer,59.06,45.85,6.73,3.79,2,7.8,12908,0,296,18.7,5
A0232,18,M,Basketball,56.78,43.0,6.94,3.3,1,6.7,10847,0,244,18.9,1
A0233,23,F,Basketball,67.82,35.03,5.54,4.09,4,5.8,10435,1,290,20.8,4
A0234,22,M,Athletics,65.68,34.75,5.3,4.08,3,6.9,10804,0,367,28.3,2
A0235,18,M,Soccer,70.03,47.95,8.21,5.21,1,5.9,9984,0,313,32.8,1
A0236,20,F,Basketball,53.72,46.33,6.33,4.55,2,6.3,11936,0,349,25.6,2
A0237,19,F,Soccer,63.4,47.19,6.32,4.17,0,6.9,14598,0,357,21.1,1
A0238,21,M,Soccer,54.58,45.67,5.4,3.24,3,8.1,8712,0,389,21.6,1
A0239,24,M,Soccer,49.42,46.07,5.02,3.14,3,9.0,14848,0,272,21.8,2
A0240,20,M,Swimming,59.59,49.85,6.41,4.48,2,8.4,10895,0,372,29.2,2
A0241,23,F,Tennis,50.77,47.22,6.16,3.84,4,6.9,9681,0,234,21.7,1
A0242,18,F,Soccer,71.74,50.2,6.5,4.2,2,9.3,9333,0,241,23.8,4
A0243,21,F,Swimming,51.38,45.86,6.59,4.78,3,7.6,11198,1,332,30.7,2
A0244,18,F,Athletics,63.64,43.5,8.99,2.79,1,6.0,8174,1,226,21.2,3
A0245,23,F,Basketball,53.97,45.97,6.16,5.12,1,7.1,11205,0,397,26.8,3
A0246,18,M,Tennis,62.77,40.82,8.08,4.78,4,6.3,13185,0,389,28.5,1
A0247,19,F,Basketball,54.76,43.1,8.14,2.36,3,5.8,9416,1,231,24.3,5
A0248,21,M,Tennis,47.43,45.89,7.25,5.88,1,5.8,9987,0,335,33.8,1
A0249,21,M,Basketball,64.84,45.82,6.26,4.26,2,6.9,14422,0,302,32.3,1
A0250,23,M,Tennis,57.65,44.47,5.14,3.62,1,7.8,12853,0,284,25.3,4
A0251,24,F,Basketball,62.86,38.06,6.98,4.42,1,8.1,14506,0,345,20.0,4
A0252,19,F,Basketball,55.71,48.18,7.52,3.22,1,5.8,9772,1,277,20.2,5
A0253,20,F,Basketball,46.72,49.17,8.25,4.44,0,6.7,12266,1,342,25.1,5
A0254,18,M,Basketball,70.83,53.22,5.55,3.37,3,7.5,9074,0,353,18.5,5
A0255,22,M,Athletics,67.37,47.21,6.26,5.62,1,7.2,13447,0,380,25.3,5
A0256,18,M,Soccer,54.33,45.01,5.56,4.05,3,7.7,12760,0,243,32.4,5
A0257,18,M,Volleyball,60.7,39.93,5.87,4.52,2,6.6,8591,0,231,24.3,1
A0258,20,M,Swimming,70.42,52.46,7.16,3.37,1,8.3,10978,1,227,23.9,1
A0259,18,M,Volleyball,55.43,46.24,5.82,4.65,5,7.0,13264,0,366,28.3,3
A0260,19,F,Volleyball,56.98,45.97,5.68,3.99,0,7.8,14417,0,359,26.6,3
A0261,19,F,Tennis,62.44,43.73,7.3,2.87,6,6.6,11982,1,276,18.3,2
A0262,21,F,Soccer,55.41,43.41,6.95,3.81,2,7.1,14651,1,217,21.7,1
A0263,23,F,Tennis,68.57,48.44,6.85,5.54,2,5.4,10410,1,302,33.5,5
A0264,24,M,Soccer,58.31,39.89,5.85,4.69,0,6.2,13444,0,269,25.6,2
A0265,22,M,Soccer,52.16,53.13,7.79,3.7,3,6.8,8847,0,318,19.0,4
A0266,18,F,Basketball,66.09,52.04,6.51,2.5,0,7.1,14798,0,338,23.0,1
A0267,18,M,Athletics,48.58,43.23,8.88,3.33,1,9.7,14441,0,359,15.1,3
A0268,20,F,Basketball,80.15,40.68,6.66,2.87,0,6.6,8493,1,347,14.7,1
A0269,23,F,Athletics,75.82,34.92,4.17,2.52,2,5.6,8545,0,296,28.9,1
A0270,19,F,Tennis,65.13,38.74,4.12,4.63,0,8.7,14447,1,367,24.0,1
A0271,22,M,Athletics,64.29,48.65,7.12,4.05,2,8.1,13586,0,335,26.6,1
A0272,21,F,Tennis,63.82,46.58,7.8,5.44,2,5.8,12999,1,234,29.8,4
A0273,19,F,Volleyball,55.11,47.47,5.72,3.2,2,7.5,10286,0,268,25.7,3
A0274,23,F,Volleyball,62.97,35.77,8.6,4.0,2,7.8,10697,1,325,27.7,1
A0275,24,M,Athletics,50.77,43.02,8.16,2.88,5,7.2,11837,0,298,25.3,4
A0276,21,M,Athletics,65.04,51.84,6.71,3.52,1,7.3,9540,0,277,30.4,2
A0277,24,F,Tennis,68.68,44.52,7.04,3.82,3,6.4,8883,1,348,32.9,1
A0278,20,M,Basketball,56.22,38.64,7.39,3.7,1,7.5,11956,0,310,25.0,4
A0279,20,M,Tennis,54.05,44.44,8.39,4.04,1,6.5,14553,0,351,24.8,5
A0280,18,M,Basketball,47.88,41.14,7.18,4.78,1,4.4,14869,1,216,25.6,2
A0281,24,M,Volleyball,74.58,46.67,6.69,4.69,1,7.2,11094,0,345,23.5,3
A0282,23,M,Soccer,54.84,45.1,7.17,3.38,3,5.3,10365,0,339,22.0,1
A0283,22,M,Athletics,58.01,47.72,7.04,3.98,1,8.0,14668,0,343,29.2,1
A0284,21,M,Basketball,63.0,38.91,7.42,4.64,3,5.9,13000,1,203,22.0,4
A0285,19,M,Tennis,62.82,42.76,4.93,4.83,1,4.5,11347,0,361,21.7,3
A0286,23,M,Volleyball,67.47,50.45,6.82,3.47,3,5.2,11071,0,291,28.5,5
A0287,23,M,Basketball,56.21,38.23,6.96,4.57,0,7.0,11675,0,373,28.9,2
A0288,20,F,Tennis,48.61,39.98,6.43,4.26,2,7.2,12715,0,274,35.7,3
A0289,24,F,Athletics,46.86,46.0,7.28,3.15,5,5.6,8952,0,358,30.1,1
A0290,18,M,Athletics,54.21,46.43,8.42,4.64,2,5.9,11300,0,352,28.1,4
A0291,18,F,Swimming,50.48,42.56,6.64,4.12,0,7.0,11735,0,302,28.9,5
A0292,21,F,Soccer,56.96,43.61,7.19,2.61,3,8.0,11179,0,223,23.3,4
A0293,20,M,Swimming,73.08,47.67,8.11,3.76,3,5.8,14944,0,264,26.8,2
A0294,23,M,Volleyball,56.23,49.25,6.66,4.03,2,7.4,10963,0,316,27.0,3
A0295,22,M,Basketball,56.22,39.65,5.61,3.52,4,5.3,12027,0,352,21.3,4
A0296,20,F,Volleyball,59.84,46.82,7.12,4.98,1,7.3,11247,0,355,23.8,4
A0297,21,F,Tennis,55.94,52.56,4.3,5.01,2,7.8,12415,0,363,28.8,1
A0298,21,M,Athletics,59.33,44.42,4.2,3.69,3,7.5,11357,0,281,23.9,4
A0299,20,M,Swimming,65.41,39.6,6.83,3.61,0,8.0,12971,0,205,27.1,5
A0300,21,M,Swimming,68.85,39.37,4.16,3.9,2,7.9,14472,1,265,28.5,3
A0301,20,F,Swimming,70.03,44.2,5.18,3.84,1,8.8,13996,0,266,28.3,2
A0302,19,F,Volleyball,80.57,50.18,6.12,3.53,1,7.1,12848,0,271,32.7,4
A0303,20,F,Athletics,65.69,44.8,5.78,1.03,1,8.8,10704,0,294,21.1,5
A0304,24,F,Basketball,82.34,45.95,6.35,5.4,5,6.1,13475,0,247,32.2,2
A0305,20,M,Tennis,52.24,40.02,7.61,4.0,4,6.8,9037,1,269,26.4,5
A0306,21,M,Basketball,80.91,49.92,6.74,3.86,2,6.9,8070,0,277,28.2,4
A0307,24,M,Volleyball,56.2,39.27,5.66,4.26,1,6.0,10874,0,266,27.5,4
A0308,21,M,Tennis,57.18,42.48,7.85,3.94,1,4.6,13931,0,375,27.2,3
A0309,18,F,Swimming,58.8,48.15,5.07,3.66,0,7.9,13642,0,264,20.8,1
A0310,18,F,Soccer,57.81,34.8,6.72,3.2,2,6.1,8105,0,371,28.0,5
A0311,24,M,Volleyball,60.86,45.87,4.96,2.53,1,6.6,8769,0,262,16.8,1
A0312,19,M,Volleyball,54.2,39.8,6.75,2.92,3,8.6,10009,1,245,34.5,1
A0313,18,F,Athletics,68.3,45.08,6.18,3.11,4,7.6,10940,0,346,25.9,2
A0314,20,M,Basketball,54.47,43.24,7.58,4.52,2,8.7,14339,0,391,29.8,2
A0315,21,F,Volleyball,66.56,55.53,7.22,4.58,1,7.1,10192,0,272,27.4,5
A0316,18,M,Volleyball,75.28,43.03,5.91,3.29,2,7.6,13469,0,270,24.2,1
A0317,18,M,Swimming,56.43,54.21,5.72,1.87,3,6.8,11495,0,309,21.3,3
A0318,19,M,Swimming,67.94,47.93,6.18,4.01,3,6.2,14614,0,377,20.3,1
A0319,24,M,Tennis,65.59,40.99,8.38,3.66,1,7.6,13805,0,262,27.9,2
A0320,24,M,Soccer,82.53,46.65,8.12,3.64,2,6.6,12311,0,240,27.6,1
A0321,23,M,Athletics,54.95,43.48,5.53,4.76,3,7.6,13212,1,206,26.8,4
A0322,19,M,Soccer,67.95,46.21,7.3,4.11,1,6.4,12355,0,336,23.4,4
A0323,20,F,Tennis,43.74,41.43,4.77,3.22,2,6.8,8933,1,203,26.1,3
A0324,24,F,Swimming,55.04,53.45,6.05,3.03,3,6.9,8574,0,288,21.9,5
A0325,21,F,Basketball,63.53,49.63,5.57,3.79,0,8.1,13660,0,376,20.6,1
A0326,19,F,Swimming,73.93,45.16,7.57,3.27,2,6.6,13906,1,333,22.6,4
A0327,18,F,Athletics,47.74,53.65,5.21,3.94,2,8.2,11930,0,281,22.8,5
A0328,21,M,Swimming,67.86,45.37,6.93,4.82,2,6.1,12380,1,220,31.3,4
A0329,21,M,Athletics,59.37,50.49,6.5,2.9,1,7.3,12087,1,342,17.2,5
A0330,18,F,Athletics,44.78,45.19,6.32,4.07,3,6.3,10531,0,327,23.8,5
A0331,19,M,Athletics,61.82,46.97,8.17,4.73,3,8.1,14050,0,394,27.2,4
A0332,18,F,Tennis,77.09,44.59,8.26,3.93,2,6.2,10419,0,393,33.9,2
A0333,23,F,Athletics,48.8,45.48,6.36,4.58,0,6.3,8069,1,383,21.0,5
A0334,21,M,Athletics,58.9,45.85,6.15,3.77,1,5.7,12474,1,304,18.4,1
A0335,22,M,Basketball,50.13,41.65,4.99,4.14,3,7.1,9302,0,303,27.6,4
A0336,22,M,Soccer,55.31,42.99,6.5,4.35,4,7.6,11814,0,267,24.8,2
A0337,20,F,Volleyball,74.32,43.92,8.45,3.54,0,7.5,10349,0,359,22.9,4
A0338,24,M,Soccer,57.28,46.15,6.37,5.59,0,6.9,8254,0,393,26.2,3
A0339,18,F,Athletics,74.02,44.85,7.23,4.46,2,6.3,9707,0,309,28.3,1
A0340,18,F,Basketball,71.09,50.87,5.1,5.04,1,6.7,12787,0,356,27.7,3
A0341,20,F,Swimming,56.37,49.24,6.07,4.86,2,6.8,13383,0,265,25.5,5
A0342,20,M,Basketball,54.97,44.02,6.96,4.26,1,7.3,8833,0,361,30.6,5
A0343,20,M,Athletics,51.04,51.91,6.61,5.11,0,7.2,10764,1,226,25.0,3
A0344,21,F,Basketball,50.69,54.37,7.32,4.15,0,8.7,10471,1,259,24.2,3
A0345,23,M,Basketball,63.53,34.78,5.9,3.42,1,7.0,14356,1,317,27.6,5
A0346,18,M,Athletics,59.8,49.66,4.75,4.01,1,7.4,11742,1,366,17.7,2
A0347,21,M,Tennis,53.76,41.54,7.62,3.2,4,7.1,10035,0,243,27.1,1
A0348,20,F,Basketball,44.51,49.0,5.56,2.32,0,6.7,9967,0,235,22.5,4
A0349,18,F,Volleyball,61.06,51.19,7.01,3.32,1,7.4,8099,0,218,17.4,3
A0350,21,M,Volleyball,55.3,40.62,6.95,4.06,3,6.6,9852,1,290,26.1,1
A0351,23,F,Basketball,58.05,35.74,4.84,4.85,7,6.9,11183,1,244,21.7,4
A0352,21,M,Tennis,63.05,49.18,7.55,3.32,0,8.2,10355,1,348,15.9,4
A0353,23,M,Swimming,34.98,45.68,5.93,4.81,5,6.5,14821,1,350,19.6,3
A0354,20,M,Athletics,44.67,36.66,6.56,3.03,1,7.4,14618,0,354,32.4,2
A0355,23,M,Volleyball,82.96,57.65,6.14,3.26,1,4.5,13667,0,297,21.2,2
A0356,18,F,Swimming,54.93,48.12,8.12,5.16,3,6.8,8111,0,399,25.6,1
A0357,20,F,Basketball,34.83,48.35,7.84,4.04,2,6.5,11158,0,218,18.6,1
A0358,18,F,Swimming,45.5,51.83,4.69,3.86,0,7.1,8182,0,240,34.5,5
A0359,22,M,Soccer,84.84,42.1,8.76,4.19,1,6.8,14740,0,225,24.3,2
A0360,19,M,Volleyball,52.97,45.65,5.82,3.03,1,7.1,11852,0,227,20.6,1
A0361,23,M,Basketball,71.59,38.4,8.6,3.74,0,6.6,8164,0,263,28.4,5
A0362,19,F,Athletics,61.21,41.96,6.24,4.0,0,7.4,14958,0,267,34.3,4
A0363,19,M,Tennis,55.15,46.93,6.16,4.99,3,5.3,10137,0,279,22.0,1
A0364,23,F,Basketball,67.75,36.67,6.25,2.66,3,7.1,10023,0,250,20.5,5
A0365,20,F,Athletics,36.16,41.82,6.1,5.41,4,6.1,8454,0,301,35.5,2
A0366,22,F,Tennis,45.59,40.36,9.02,3.9,2,8.2,10285,0,375,23.4,4
A0367,18,F,Tennis,55.08,45.71,6.42,3.11,1,6.0,14118,1,209,22.8,1
A0368,21,F,Basketball,46.57,47.87,6.2,2.97,1,8.0,14677,0,366,13.3,2
A0369,18,F,Swimming,54.19,48.71,6.58,4.22,3,7.0,12822,0,299,23.8,4
A0370,21,M,Swimming,68.54,49.99,5.53,2.92,2,5.2,14201,1,321,17.2,3
A0371,18,M,Tennis,61.32,51.86,8.1,3.55,2,6.1,8541,1,346,21.2,2
A0372,23,F,Swimming,73.31,48.04,5.03,3.8,2,7.8,14033,1,263,13.9,3
A0373,22,F,Soccer,61.95,54.44,5.89,4.91,2,7.8,13117,0,323,30.2,1
A0374,21,M,Tennis,69.92,45.6,7.44,4.81,0,5.7,10665,0,218,16.7,5
A0375,24,F,Tennis,59.36,44.13,6.54,3.49,1,8.6,10449,0,275,14.3,1
A0376,20,F,Athletics,54.1,48.04,7.05,3.83,1,7.0,12937,0,261,19.5,2
A0377,18,M,Swimming,74.81,43.92,8.03,2.72,0,7.9,13798,1,340,30.2,3
A0378,18,F,Tennis,52.91,54.26,7.5,2.37,3,5.8,11933,0,224,21.8,3
A0379,21,F,Soccer,63.44,50.65,6.64,3.02,4,6.5,13785,0,288,22.4,4
A0380,20,F,Athletics,67.69,48.75,8.59,4.9,1,7.4,10886,0,291,26.4,1
A0381,20,M,Basketball,68.41,45.66,5.87,4.62,5,6.7,12614,0,241,23.2,1
A0382,23,M,Tennis,48.35,42.96,6.4,4.31,0,4.1,12292,0,316,30.2,2
A0383,24,M,Soccer,70.52,48.51,6.47,2.83,2,6.8,11904,1,238,22.8,3
A0384,23,F,Volleyball,50.21,39.36,6.4,3.43,0,5.0,14189,1,357,22.9,2
A0385,23,F,Soccer,68.11,52.67,5.43,3.31,7,5.9,14673,1,332,35.3,2
A0386,23,M,Soccer,65.35,44.11,4.92,3.87,4,5.6,13516,0,280,24.3,3
A0387,23,F,Athletics,68.19,46.53,6.92,3.82,1,8.1,9688,0,345,25.2,2
A0388,23,F,Basketball,47.95,40.45,5.87,3.2,0,8.4,13095,0,306,22.9,3
A0389,22,F,Volleyball,65.88,48.61,8.41,4.28,1,7.3,14919,0,310,11.9,2
A0390,20,F,Swimming,70.86,42.73,6.43,4.18,2,6.8,14217,1,220,28.4,5
A0391,23,F,Swimming,61.93,48.25,6.25,3.42,4,7.0,9637,0,249,32.3,2
A0392,20,M,Soccer,51.81,48.79,7.59,4.24,1,8.1,14478,1,320,30.3,2
A0393,20,F,Athletics,69.2,41.76,6.9,4.9,0,5.0,13966,0,333,21.2,5
A0394,19,M,Athletics,61.14,39.38,6.32,5.14,2,5.9,12728,0,249,23.1,1
A0395,22,F,Swimming,43.26,52.66,5.86,4.39,1,8.0,14831,0,393,25.7,3
A0396,23,M,Volleyball,51.04,44.04,10.16,4.37,2,8.2,12670,0,314,25.6,4
A0397,18,F,Basketball,54.74,46.12,6.86,3.81,0,7.6,14439,1,200,27.4,5
A0398,21,M,Volleyball,75.06,47.43,7.58,4.82,0,6.0,12082,0,384,25.0,1
A0399,24,F,Tennis,73.3,38.73,5.48,3.14,0,8.0,13203,1,229,22.2,2
A0400,18,M,Tennis,73.27,47.31,5.92,4.73,1,8.4,13134,1,385,24.7,1
A0401,22,F,Basketball,62.32,45.5,8.61,3.77,2,7.7,9890,0,306,29.0,5
A0402,21,M,Swimming,69.14,41.78,7.9,5.19,4,4.5,11205,1,379,38.6,2
A0403,22,F,Basketball,48.59,39.22,6.96,4.47,3,7.1,8477,0,364,21.5,1
A0404,20,M,Athletics,60.07,48.03,6.12,3.95,4,7.6,14776,0,247,25.1,4
A0405,21,M,Tennis,64.52,50.64,6.27,3.81,5,6.5,10366,1,286,22.2,3
A0406,20,F,Soccer,49.25,45.89,5.82,4.42,0,7.2,10526,1,328,25.5,3
A0407,18,F,Soccer,62.1,37.83,5.34,4.38,3,6.5,14511,0,218,28.9,5
A0408,18,M,Swimming,76.87,39.71,7.42,3.68,2,6.1,8366,0,245,23.0,2
A0409,21,F,Athletics,65.59,42.84,7.04,4.07,1,8.5,9836,0,394,13.8,2
A0410,21,M,Volleyball,69.18,52.82,7.24,4.72,1,7.2,14521,0,329,29.1,3
A0411,23,M,Athletics,35.48,43.77,6.16,2.91,1,5.9,9715,0,255,24.7,1
A0412,22,M,Soccer,75.58,42.66,6.76,4.58,4,5.6,14606,1,344,22.3,2
A0413,23,F,Soccer,58.14,36.63,6.07,4.42,5,6.1,13713,0,291,21.2,4
A0414,22,M,Tennis,52.31,41.72,5.77,4.95,0,6.1,8012,0,281,25.6,4
A0415,23,M,Athletics,58.25,38.84,8.17,3.43,2,7.1,8535,0,278,20.5,2
A0416,20,F,Athletics,45.15,39.98,6.62,4.0,2,7.5,11239,0,349,21.1,2
A0417,21,F,Soccer,70.48,45.6,7.01,4.16,5,7.5,10317,0,304,17.8,3
A0418,18,F,Volleyball,56.65,42.99,7.34,4.59,0,6.2,12042,0,226,20.6,5
A0419,22,F,Swimming,52.61,53.5,6.63,4.34,0,7.9,8375,1,254,27.2,3
A0420,22,M,Swimming,58.32,50.39,6.74,3.01,4,8.2,9724,0,359,17.1,5
A0421,18,M,Athletics,71.18,41.96,5.41,4.23,3,6.7,8256,0,259,29.8,4
A0422,23,M,Swimming,61.31,40.42,5.6,5.6,2,6.0,10264,1,308,18.1,5
A0423,22,M,Soccer,45.9,51.91,5.55,4.49,4,7.1,8449,0,355,24.7,3
A0424,24,F,Soccer,64.65,53.3,7.11,5.31,1,9.2,8893,0,355,26.4,2
A0425,20,M,Athletics,50.71,34.03,6.57,4.83,1,5.9,11212,0,319,28.1,5
A0426,21,M,Athletics,38.44,45.46,5.6,5.09,1,6.5,9184,0,352,28.1,3
A0427,18,F,Tennis,74.96,43.74,7.08,4.25,1,7.1,14175,0,284,23.6,4
A0428,21,M,Athletics,64.57,48.25,7.04,4.42,1,7.5,13943,0,285,23.1,5
A0429,24,M,Volleyball,59.22,54.71,5.81,4.2,3,5.0,11223,1,316,27.0,4
A0430,22,M,Swimming,56.54,42.58,6.47,4.0,1,8.3,13379,1,353,25.4,4
A0431,22,M,Athletics,73.97,34.7,7.05,4.59,2,8.3,9308,0,307,22.3,1
A0432,24,M,Basketball,90.87,47.9,5.64,3.58,2,6.6,12705,0,274,25.9,5
A0433,18,M,Tennis,64.49,51.95,7.07,5.51,1,9.7,8916,0,318,23.2,3
A0434,20,F,Basketball,49.7,43.48,6.8,3.26,6,8.2,14685,0,398,21.0,5
A0435,19,F,Soccer,58.46,41.47,5.5,4.65,2,8.2,13721,0,344,22.1,5
A0436,18,M,Swimming,64.31,42.81,6.72,5.1,5,8.2,8147,0,206,26.4,4
A0437,19,M,Athletics,36.5,49.25,6.87,3.86,3,8.2,12751,0,383,19.4,4
A0438,24,F,Basketball,63.34,42.73,5.87,3.11,0,7.0,10114,1,391,29.5,4
A0439,23,M,Swimming,64.36,46.64,5.95,4.92,0,6.9,12016,0,347,21.2,4
A0440,19,M,Soccer,73.26,45.14,5.49,4.16,0,6.1,11940,1,365,12.7,3
A0441,20,M,Volleyball,72.22,44.62,6.05,4.65,5,6.4,14713,1,274,26.8,2
A0442,23,F,Tennis,61.11,48.51,6.49,3.91,2,6.7,12071,0,257,10.5,1
A0443,19,M,Swimming,75.15,42.61,5.96,5.39,1,7.1,13912,1,215,18.9,4
A0444,24,F,Swimming,80.36,42.85,5.02,2.31,0,8.6,13398,1,378,36.1,4
A0445,23,M,Volleyball,60.28,48.99,5.81,4.3,1,4.9,10795,0,226,29.3,1
A0446,24,F,Swimming,64.18,40.07,6.08,5.07,0,8.3,8442,0,250,28.9,4
A0447,19,F,Soccer,42.33,40.6,7.32,4.08,1,6.0,10944,0,274,18.4,2
A0448,24,M,Soccer,45.49,38.7,7.09,4.24,5,6.9,11936,1,343,23.1,5
A0449,20,F,Volleyball,51.62,49.25,7.34,3.65,1,6.3,8398,0,286,30.2,1
A0450,19,M,Tennis,55.56,44.47,5.76,4.02,0,8.9,9151,0,387,27.2,3
A0451,19,F,Athletics,49.04,38.43,6.64,2.66,5,6.5,14625,0,322,29.7,1
A0452,19,M,Basketball,59.64,49.27,4.08,3.43,1,7.5,11792,0,275,32.9,2
A0453,18,M,Athletics,55.86,42.22,6.93,3.37,4,7.6,10995,0,239,27.3,3
A0454,18,F,Swimming,70.71,40.64,7.11,4.54,1,5.8,14329,1,266,17.8,5
A0455,18,M,Basketball,55.25,44.02,6.15,3.54,1,6.9,10216,0,329,27.0,4
A0456,20,M,Volleyball,37.13,52.39,6.8,3.57,1,8.2,9707,1,301,22.8,1
A0457,23,F,Volleyball,61.26,43.03,4.99,3.7,1,6.1,11331,1,375,17.5,3
A0458,24,M,Tennis,59.86,47.88,5.7,3.4,3,7.8,9987,0,379,28.5,1
A0459,22,M,Basketball,51.38,48.64,7.27,4.22,3,6.7,13766,0,351,30.0,5
A0460,19,F,Soccer,60.95,47.22,7.01,4.3,2,8.2,13677,1,292,23.5,1
A0461,24,F,Basketball,49.25,51.36,6.09,4.66,2,8.7,12602,1,309,25.6,3
A0462,19,M,Swimming,63.3,41.46,7.31,4.52,1,5.0,10568,0,281,13.6,2
A0463,20,M,Soccer,86.33,39.78,6.64,4.44,3,5.7,8160,0,277,29.6,3
A0464,19,F,Volleyball,41.94,39.69,6.0,3.74,1,6.6,12435,0,201,28.0,1
A0465,18,F,Basketball,54.84,44.28,6.32,3.69,4,8.5,11904,1,264,25.3,5
A0466,22,M,Athletics,53.23,40.26,6.04,3.3,1,7.5,11573,1,219,17.7,4
A0467,21,F,Tennis,55.67,45.74,5.32,3.29,3,5.8,11177,0,233,15.8,4
A0468,19,M,Athletics,70.2,45.38,7.76,4.16,2,7.7,9825,1,240,34.1,5
A0469,24,M,Tennis,65.43,50.09,5.93,3.42,1,6.1,13594,0,368,19.0,1
A0470,18,M,Swimming,68.49,46.46,5.67,5.17,2,7.9,11924,1,222,24.7,5
A0471,21,M,Athletics,60.3,42.92,4.97,3.97,4,7.5,9623,0,237,19.2,1
A0472,22,M,Basketball,46.78,47.05,3.86,5.2,2,6.1,13582,0,371,12.6,3
A0473,21,F,Basketball,48.85,39.85,7.2,4.46,2,6.9,13602,0,266,26.2,2
A0474,18,F,Athletics,67.46,44.81,7.29,3.38,1,8.2,14847,0,261,27.0,1
A0475,23,F,Basketball,61.71,46.6,7.69,3.95,2,5.1,9176,0,339,15.7,4
A0476,23,F,Swimming,72.6,45.65,6.35,2.66,2,7.3,12918,0,229,29.5,4
A0477,21,M,Soccer,62.93,47.08,6.18,4.15,1,5.9,11720,0,286,21.4,2
A0478,20,M,Swimming,48.17,41.78,5.99,3.45,0,7.0,12880,0,392,18.6,1
A0479,24,M,Tennis,54.78,50.76,6.08,3.11,0,7.5,11220,0,368,18.3,2
A0480,24,M,Swimming,65.65,54.11,7.62,5.22,1,9.0,11259,1,347,28.4,3
A0481,21,F,Tennis,67.1,36.99,6.47,4.82,3,7.0,8130,1,317,14.4,2
A0482,19,M,Basketball,68.55,38.92,6.88,4.8,1,8.5,13571,0,205,17.8,3
A0483,19,M,Soccer,49.51,45.22,6.06,4.63,2,6.2,14659,0,274,26.2,4
A0484,24,F,Basketball,47.99,43.72,7.82,3.01,1,6.5,11562,0,331,25.5,3
A0485,24,F,Volleyball,58.1,54.48,4.6,3.68,2,7.6,9499,1,292,18.9,1
A0486,23,F,Basketball,74.4,46.1,5.28,3.73,4,7.2,14679,1,209,30.4,1
A0487,20,F,Tennis,53.06,51.96,6.88,2.63,1,6.7,10788,0,250,18.4,1
A0488,18,M,Basketball,64.55,34.75,8.25,3.55,1,6.6,12876,1,292,23.0,1
A0489,19,M,Basketball,64.55,49.07,6.27,3.56,1,8.3,11708,1,237,22.3,5
A0490,24,F,Soccer,67.61,41.42,5.66,4.1,3,6.7,9707,1,328,22.3,3
A0491,23,M,Basketball,76.64,41.34,7.5,6.03,4,6.0,9769,0,335,23.0,1
A0492,22,M,Soccer,75.62,43.76,6.82,3.98,6,6.1,9318,0,301,22.9,2
A0493,23,M,Athletics,54.05,37.88,7.79,4.1,1,7.7,14034,0,280,22.8,2
A0494,19,F,Volleyball,39.02,47.21,5.21,3.8,1,9.3,13554,0,282,23.1,5
A0495,19,M,Soccer,53.21,45.95,7.71,4.59,6,6.5,14731,0,390,29.4,3
A0496,23,F,Tennis,60.76,46.33,4.95,3.14,2,9.1,11379,0,360,22.8,3
A0497,18,M,Athletics,56.38,49.44,6.21,5.52,2,7.0,10773,0,342,27.5,3
A0498,21,M,Soccer,79.68,52.57,6.91,3.9,3,6.7,10990,0,230,24.7,5
A0499,19,M,Soccer,60.19,43.18,6.69,3.68,4,6.1,11044,0,220,25.8,3
A0500,23,F,Volleyball,66.54,47.39,7.56,4.78,0,6.8,8375,0,330,27.9,3
A0501,24,M,Tennis,62.17,46.46,4.67,3.29,3,6.2,14347,1,325,18.3,1
A0502,23,F,Swimming,56.53,46.89,6.64,4.58,3,6.2,11036,1,393,27.1,3
A0503,20,F,Swimming,40.75,46.96,7.7,5.12,3,5.3,8660,0,234,22.9,1
A0504,21,F,Soccer,59.21,52.95,6.56,3.81,1,8.8,14218,0,368,19.2,1
A0505,22,M,Basketball,92.55,42.7,5.36,5.64,0,8.1,9403,0,386,27.9,3
A0506,18,M,Tennis,47.56,37.37,7.51,4.52,0,7.3,8740,0,343,21.9,2
A0507,22,M,Athletics,41.85,41.51,5.85,4.53,1,6.9,8303,1,383,25.9,4
A0508,21,M,Basketball,79.36,48.79,5.68,5.09,1,7.0,9085,0,244,10.4,2
A0509,21,F,Basketball,67.42,45.12,5.55,5.3,1,6.2,14713,0,258,27.6,3
A0510,21,F,Tennis,61.87,42.66,6.3,4.21,1,5.9,12881,1,377,37.0,3
A0511,22,F,Soccer,73.63,39.62,6.68,4.64,5,7.7,11179,0,211,24.0,2
A0512,24,M,Soccer,51.68,46.11,5.23,5.12,3,6.7,9210,0,339,22.7,3
A0513,21,F,Soccer,58.93,48.22,5.44,3.07,2,7.3,11034,0,232,21.7,1
A0514,23,M,Soccer,69.55,46.53,5.81,2.62,1,5.3,8228,0,376,26.8,5
A0515,22,F,Swimming,81.1,43.73,5.55,3.95,1,6.7,11119,0,220,22.5,3
A0516,21,M,Soccer,48.31,45.73,6.54,2.6,1,5.8,9854,0,259,27.2,3
A0517,23,M,Swimming,72.81,45.7,6.86,3.75,3,7.5,8267,0,251,32.6,2
A0518,24,F,Swimming,63.82,45.95,6.72,4.25,6,8.0,10774,1,381,28.2,1
A0519,20,F,Soccer,61.63,39.08,6.73,3.78,2,8.5,10849,0,366,23.1,2
A0520,24,F,Volleyball,59.92,45.99,8.17,3.89,4,6.4,12349,1,376,18.4,2
A0521,21,F,Athletics,46.15,42.8,6.92,3.2,0,5.9,12965,0,322,22.0,3
A0522,22,M,Basketball,69.63,50.2,7.28,4.63,3,6.6,10134,0,305,23.2,1
A0523,19,F,Swimming,52.18,45.66,6.09,3.15,6,6.3,13300,0,391,17.4,3
A0524,21,F,Tennis,49.2,49.18,7.44,2.32,2,7.4,13144,0,299,29.4,3
A0525,19,F,Tennis,68.85,43.49,6.04,3.83,3,5.6,11459,0,353,26.8,3
A0526,23,M,Athletics,67.89,43.67,6.91,4.73,2,5.2,10269,0,270,18.8,3
A0527,20,M,Tennis,60.79,52.47,5.13,4.06,1,6.7,8989,1,334,15.1,5
A0528,18,F,Volleyball,70.8,47.18,6.67,3.07,1,7.7,12492,0,399,27.6,4
A0529,24,M,Tennis,74.26,41.43,5.52,4.08,2,6.0,8937,0,261,15.8,1
A0530,20,F,Basketball,73.08,49.48,7.44,4.35,5,7.8,14654,1,287,24.4,5
A0531,21,M,Basketball,54.72,42.33,7.38,4.07,2,7.4,14704,0,223,22.0,4
A0532,19,M,Swimming,70.14,46.13,6.03,3.79,1,8.5,14989,0,239,28.0,4
A0533,24,M,Soccer,62.12,54.18,8.55,4.39,2,6.2,8439,1,275,28.1,4
A0534,19,M,Volleyball,77.26,37.84,6.21,2.61,1,5.4,14023,0,374,19.9,5
A0535,22,F,Swimming,58.76,44.12,4.89,3.28,2,7.6,10358,0,335,28.4,1
A0536,19,F,Volleyball,56.44,47.04,5.72,2.96,1,7.3,10007,0,381,22.6,2
A0537,22,F,Soccer,53.86,48.82,5.46,5.08,0,7.2,11345,0,208,24.1,4
A0538,23,M,Tennis,61.89,38.79,6.88,4.57,2,6.0,12130,0,202,24.2,2
A0539,24,F,Tennis,64.67,37.32,5.26,4.15,2,7.8,14360,0,381,35.2,2
A0540,24,F,Soccer,64.86,50.45,5.96,2.84,2,6.4,12816,1,220,23.4,3
A0541,18,F,Swimming,63.49,41.4,6.81,4.6,0,7.2,11743,1,294,15.6,2
A0542,21,M,Soccer,66.71,41.19,6.64,5.11,2,6.5,8518,0,375,20.4,3
A0543,22,M,Athletics,57.77,52.75,6.49,4.46,2,7.4,8268,0,374,27.7,1
A0544,18,M,Basketball,51.27,45.35,6.63,3.97,2,5.8,12733,1,395,22.6,1
A0545,19,F,Swimming,50.4,45.38,6.13,4.51,0,7.5,14618,0,390,24.1,3
A0546,19,F,Volleyball,69.75,44.1,4.9,4.22,1,7.7,13444,0,215,21.8,1
A0547,18,F,Athletics,64.7,38.88,6.1,4.74,3,7.1,13475,0,306,9.9,4
A0548,24,M,Swimming,41.44,48.38,6.97,4.72,1,8.6,12185,1,292,20.1,1
A0549,19,M,Soccer,70.97,47.05,6.36,3.82,0,7.2,13161,0,332,23.6,3
A0550,23,F,Soccer,78.8,45.84,6.89,3.47,2,7.9,9388,1,338,15.2,4
A0551,23,M,Soccer,52.84,44.42,5.91,3.68,2,7.1,9694,0,356,18.1,2
A0552,18,M,Soccer,63.36,43.54,7.49,4.43,1,7.8,11273,0,278,22.3,2
A0553,22,M,Volleyball,55.27,49.56,3.94,3.73,2,5.5,9389,0,269,22.3,2
A0554,22,M,Athletics,66.28,44.29,6.64,3.4,1,7.0,11865,0,247,26.0,3
A0555,18,F,Tennis,48.34,44.68,7.85,4.0,2,5.9,11029,1,214,22.6,2
A0556,22,M,Basketball,59.29,47.65,8.0,4.89,0,7.1,10335,1,233,25.8,1
A0557,24,M,Volleyball,69.81,46.04,6.27,4.11,2,7.4,11674,0,259,20.5,2
A0558,24,M,Volleyball,72.36,53.21,5.17,3.78,2,7.8,12576,1,389,25.1,5
A0559,22,M,Tennis,64.26,36.19,7.87,4.26,2,7.5,14780,1,201,31.4,5
A0560,23,F,Tennis,56.61,46.5,6.45,4.07,2,6.7,8500,0,279,25.4,2
A0561,22,F,Basketball,44.07,41.47,6.34,2.45,2,6.2,9661,0,218,22.8,2
A0562,24,M,Basketball,52.42,40.29,5.61,4.56,2,4.7,10099,0,248,19.3,5
A0563,20,M,Tennis,55.31,42.71,5.25,4.33,1,7.1,8102,0,277,24.4,2
A0564,21,M,Soccer,53.02,45.27,7.06,4.01,3,8.1,13543,0,227,22.9,4
A0565,19,M,Volleyball,60.6,45.5,7.17,4.85,3,7.1,10746,0,247,26.8,5
A0566,20,M,Swimming,56.58,37.41,6.7,4.97,1,6.9,11276,0,295,14.9,3
A0567,22,M,Basketball,61.72,42.29,5.74,4.64,0,7.1,11085,1,364,23.1,5
A0568,23,F,Basketball,72.03,46.41,5.44,3.32,0,6.6,14059,1,376,26.1,1
A0569,18,M,Tennis,55.94,40.62,5.07,3.35,1,7.2,13735,0,308,24.6,4
A0570,22,F,Athletics,46.17,39.43,5.94,4.89,2,6.6,14613,0,375,22.3,3
A0571,23,F,Swimming,52.98,33.72,5.49,2.5,2,6.1,11537,0,272,22.3,2
A0572,21,M,Swimming,65.84,41.68,4.79,3.88,4,6.9,9327,0,299,18.5,1
A0573,22,F,Basketball,66.78,39.25,7.15,4.35,0,6.9,10474,0,228,25.9,1
A0574,24,F,Soccer,64.06,40.08,5.18,2.6,1,8.9,9679,0,387,26.1,4
A0575,18,F,Athletics,73.01,43.64,7.48,4.19,5,6.2,14253,0,356,16.9,3
A0576,23,F,Swimming,58.14,42.0,6.89,4.76,4,6.8,11746,0,257,27.8,1
A0577,23,F,Basketball,80.52,39.17,6.79,2.81,0,6.7,13684,0,247,20.7,3
A0578,23,F,Swimming,68.18,34.42,8.17,5.33,2,6.6,10562,0,222,22.1,3
A0579,21,M,Athletics,34.77,46.51,5.21,3.19,2,7.5,12163,1,226,33.3,1
A0580,22,F,Athletics,78.01,48.76,7.37,4.46,5,9.2,11317,1,206,32.0,3
A0581,21,F,Volleyball,52.33,43.02,6.2,3.93,0,6.7,10436,0,248,16.8,4
A0582,19,F,Tennis,49.66,43.67,9.07,4.06,0,7.5,13769,0,381,17.6,1
A0583,19,M,Tennis,65.24,45.01,6.12,2.97,2,5.1,8307,0,308,18.7,4
A0584,22,F,Basketball,42.62,52.89,5.96,5.01,1,6.6,11996,0,267,31.9,4
A0585,24,M,Athletics,53.05,37.16,6.93,4.26,3,8.6,13471,0,369,21.0,3
A0586,21,F,Volleyball,75.57,42.93,6.29,5.3,0,6.9,13918,0,386,16.6,3
A0587,18,M,Volleyball,65.56,36.39,5.74,2.99,3,7.5,9089,1,371,30.2,1
A0588,23,M,Swimming,68.12,46.81,5.53,3.86,1,6.4,12555,0,353,27.0,2
A0589,23,F,Swimming,53.43,44.28,7.96,4.17,3,7.3,10394,1,350,35.3,1
A0590,22,F,Volleyball,44.62,46.01,5.34,4.05,0,8.6,14468,0,272,27.0,4
A0591,24,M,Swimming,67.07,45.77,6.72,4.53,1,5.8,12004,0,300,23.8,3
A0592,19,F,Athletics,69.3,49.95,7.56,3.84,1,9.2,8666,0,207,25.3,4
A0593,19,M,Soccer,68.85,47.69,7.6,5.7,1,5.5,13718,0,252,21.7,5
A0594,23,M,Athletics,62.09,49.15,5.9,4.03,1,6.5,13152,0,341,30.5,5
A0595,22,M,Volleyball,50.33,39.67,6.29,1.69,3,6.2,12163,0,398,30.8,4
A0596,21,M,Volleyball,84.38,50.97,6.1,4.07,5,6.7,10234,0,334,16.1,2
A0597,19,M,Athletics,64.8,41.39,4.96,5.01,3,6.2,14335,0,336,28.7,2
A0598,21,F,Swimming,58.26,41.68,7.04,3.26,2,6.1,9236,0,202,18.6,1
A0599,24,M,Swimming,58.31,46.35,6.54,3.21,1,5.8,9623,1,277,36.1,1
A0600,19,M,Tennis,61.5,46.51,7.94,3.33,1,7.6,14571,0,344,31.6,1
A0601,19,F,Volleyball,70.7,39.64,5.68,3.14,4,6.8,9374,0,371,18.3,3
A0602,20,M,Basketball,61.9,44.13,7.59,3.62,2,6.5,11311,0,285,25.2,2
A0603,19,F,Tennis,68.59,52.44,7.66,4.73,3,7.3,14359,1,245,29.0,4
A0604,18,F,Swimming,61.51,37.66,6.55,5.22,1,5.5,8176,0,289,20.9,5
A0605,22,F,Athletics,58.88,52.43,4.33,2.06,1,7.3,13684,0,385,17.2,2
A0606,22,M,Swimming,66.41,43.79,5.99,3.7,2,6.9,9353,0,355,24.5,2
A0607,21,M,Athletics,66.03,33.31,8.29,4.24,1,6.9,14704,0,341,23.2,2
A0608,24,M,Tennis,58.3,38.17,6.8,4.16,2,7.5,10928,0,208,19.4,1
A0609,19,F,Volleyball,52.51,40.18,7.19,5.52,5,8.6,8625,1,314,30.2,3
A0610,18,M,Swimming,63.42,41.88,6.41,2.39,1,7.3,10654,1,353,17.6,4
A0611,21,F,Athletics,60.78,44.48,6.28,1.93,3,6.8,11608,0,329,23.5,1
A0612,20,M,Volleyball,54.45,31.48,4.63,5.65,1,5.8,11715,0,274,24.9,3
A0613,21,F,Basketball,51.58,45.93,7.29,4.6,3,4.6,12274,0,280,25.5,2
A0614,21,M,Athletics,64.1,39.72,7.58,3.54,3,7.1,8394,0,327,29.7,3
A0615,19,M,Tennis,65.5,51.95,5.55,4.14,3,5.7,9168,1,233,22.8,1
A0616,20,M,Basketball,56.4,43.65,6.32,4.19,3,4.5,12971,0,346,11.0,2
A0617,21,F,Basketball,54.2,49.71,6.19,3.52,3,6.6,13057,0,238,22.1,1
A0618,18,F,Soccer,51.7,50.55,6.92,4.11,4,7.2,8197,0,212,27.6,4
A0619,18,M,Swimming,63.82,50.42,5.96,4.28,0,7.7,8968,1,332,23.3,2
A0620,22,M,Athletics,51.96,42.17,7.43,5.61,3,8.1,11908,0,249,23.3,3
A0621,20,F,Basketball,82.41,42.1,6.57,4.77,2,7.9,11155,0,222,26.6,1
A0622,20,F,Soccer,55.9,43.88,3.95,5.39,0,7.9,12764,0,321,27.3,5
A0623,22,F,Tennis,35.75,48.18,6.94,2.93,5,5.5,10504,0,319,15.1,3
A0624,21,M,Volleyball,59.7,42.45,7.5,3.72,3,6.9,9276,1,287,23.9,3
A0625,20,F,Athletics,59.27,44.4,5.35,4.19,2,7.6,14006,0,356,23.0,2
A0626,18,M,Basketball,71.12,46.37,6.91,2.46,1,7.0,12167,0,311,24.4,3
A0627,18,F,Swimming,62.88,40.48,8.33,4.95,3,6.8,12318,0,310,14.2,1
A0628,19,M,Soccer,51.66,40.16,6.61,4.51,0,7.0,14419,1,271,30.6,5
A0629,20,F,Basketball,57.14,44.21,7.64,3.71,0,7.2,9269,0,353,24.0,4
A0630,21,F,Swimming,63.27,44.87,6.06,3.85,1,6.9,9364,0,256,26.1,5
A0631,22,F,Basketball,38.35,47.17,6.48,5.0,1,6.2,14716,0,200,32.8,1
A0632,22,F,Athletics,73.39,48.36,6.3,3.36,2,5.3,8923,0,355,26.2,2
A0633,21,F,Athletics,51.69,39.5,6.11,5.04,3,6.8,8470,1,312,16.3,1
A0634,24,M,Athletics,74.17,40.94,6.35,3.8,2,7.1,14597,1,261,23.6,3
A0635,23,F,Tennis,63.92,40.15,4.87,4.6,3,7.0,11016,0,246,27.4,2
A0636,19,F,Tennis,66.3,52.06,6.17,4.07,3,8.0,10054,0,277,24.3,4
A0637,22,F,Soccer,71.49,44.4,7.84,5.79,3,8.1,12283,1,305,32.5,4
A0638,20,M,Athletics,65.73,45.08,5.54,3.29,3,6.9,10051,0,386,19.7,1
A0639,19,F,Swimming,66.73,45.29,5.43,3.54,4,6.9,13764,0,358,30.2,3
A0640,20,M,Basketball,58.36,41.42,6.56,2.8,3,7.6,10954,0,397,28.2,4
A0641,24,F,Volleyball,63.72,52.82,6.61,3.12,2,7.4,9148,0,325,24.4,5
A0642,18,F,Swimming,54.13,47.06,6.88,4.57,0,6.6,11086,0,376,25.7,2
A0643,19,M,Tennis,56.57,45.2,6.39,5.28,4,7.7,8959,1,204,19.1,5
A0644,22,F,Tennis,79.65,39.47,6.57,4.66,5,6.9,14668,1,230,22.5,4
A0645,19,M,Swimming,51.92,39.19,6.15,4.0,4,6.9,8629,0,236,26.9,4
A0646,19,M,Tennis,61.54,43.46,5.22,3.29,1,7.4,8774,0,278,23.3,1
A0647,19,F,Athletics,61.13,41.5,6.43,4.72,0,6.7,8359,0,342,24.3,1
A0648,23,M,Soccer,56.89,39.66,7.22,3.24,2,7.1,8517,0,251,29.0,2
A0649,19,F,Basketball,65.14,43.15,7.02,2.92,4,7.3,9343,0,396,14.5,1
A0650,20,F,Soccer,65.9,43.92,4.76,3.75,1,7.8,9969,0,338,25.8,3
A0651,18,M,Basketball,50.74,45.71,6.75,2.37,0,7.7,13016,1,242,32.9,2
A0652,24,M,Basketball,61.01,42.48,5.61,2.89,1,7.3,11227,1,397,22.1,3
A0653,21,M,Soccer,49.18,39.96,7.89,5.51,4,4.4,10899,0,350,17.8,1
A0654,19,M,Swimming,67.89,40.14,6.83,2.75,2,7.2,8934,0,239,22.1,2
A0655,22,F,Basketball,61.76,51.06,7.4,3.05,0,7.4,9986,0,262,16.4,4
A0656,19,F,Soccer,60.82,38.74,6.52,4.06,3,7.6,12996,1,329,25.1,5
A0657,22,M,Basketball,66.59,46.82,6.43,4.1,2,6.0,13824,0,286,23.6,4
A0658,20,F,Volleyball,57.24,47.6,8.0,3.81,6,4.9,14542,0,272,25.6,3
A0659,22,F,Swimming,69.14,44.39,7.47,2.4,2,7.8,13465,0,374,23.3,4
A0660,21,F,Athletics,50.52,53.84,6.62,4.68,2,5.8,13314,1,303,25.0,4
A0661,18,F,Basketball,74.12,47.51,6.3,3.65,4,8.2,14311,1,357,26.3,5
A0662,22,M,Volleyball,54.49,54.21,4.79,4.98,3,6.4,8376,0,215,18.0,5
A0663,22,M,Athletics,43.04,41.74,6.82,3.48,1,6.0,11560,1,258,25.7,4
A0664,18,F,Athletics,56.71,41.83,6.37,4.79,2,7.3,9774,0,246,31.2,5
A0665,21,M,Basketball,55.58,47.64,7.05,5.04,2,7.6,9505,0,315,19.2,4
A0666,19,M,Soccer,56.64,43.69,7.36,3.63,3,7.6,13363,1,357,25.5,2
A0667,22,M,Basketball,62.32,53.43,7.73,4.7,2,7.5,10654,1,308,30.5,4
A0668,18,F,Volleyball,70.98,46.71,6.84,2.94,1,6.3,9010,0,208,18.2,1
A0669,20,F,Athletics,58.08,39.78,5.45,4.21,0,5.5,14732,0,264,28.0,5
A0670,18,F,Basketball,53.08,36.32,4.35,4.98,2,6.6,13290,1,258,22.9,5
A0671,20,M,Soccer,48.73,44.61,5.68,4.41,2,5.9,11477,1,301,29.1,3
A0672,21,F,Basketball,55.32,44.55,7.83,5.92,1,7.4,9230,1,391,19.9,3
A0673,19,F,Swimming,41.12,46.57,8.32,4.46,1,7.9,9177,0,335,24.0,1
A0674,18,M,Soccer,52.75,51.05,6.26,3.71,0,7.2,11857,1,322,16.4,5
A0675,24,F,Volleyball,72.44,50.4,5.04,6.27,4,7.0,10095,1,379,26.2,5
A0676,24,F,Athletics,51.77,42.11,5.85,5.31,1,6.7,9672,0,345,26.2,3
A0677,23,M,Basketball,66.29,38.53,7.64,2.72,0,8.0,9928,1,290,26.7,3
A0678,22,M,Soccer,47.74,38.83,5.91,3.37,1,5.2,11839,0,295,26.5,4
A0679,21,M,Swimming,77.71,41.32,7.09,3.17,1,5.8,11178,0,257,23.5,5
A0680,18,F,Soccer,78.38,43.17,6.67,4.52,2,8.8,12268,0,376,16.6,5
A0681,24,F,Tennis,65.91,46.53,7.21,4.46,3,5.7,10553,0,231,29.0,4
A0682,22,F,Swimming,79.91,41.0,8.32,4.45,3,7.5,10445,0,247,23.8,5
A0683,24,M,Volleyball,63.56,46.4,7.09,2.7,2,7.7,12389,1,244,26.0,1
A0684,18,M,Athletics,67.69,46.81,6.65,3.49,3,5.1,8551,0,381,23.1,3
A0685,20,F,Volleyball,72.62,45.72,8.43,3.88,3,5.3,13566,0,299,33.8,3
A0686,18,F,Basketball,61.8,39.36,6.85,2.54,3,8.3,10897,1,299,21.2,3
A0687,23,M,Soccer,44.48,47.34,5.71,3.3,2,6.0,9039,0,245,21.0,2
A0688,18,M,Tennis,67.89,55.41,7.19,5.09,2,6.1,13758,0,358,16.2,1
A0689,18,M,Swimming,55.28,46.23,6.95,2.76,1,6.5,8884,0,364,24.6,1
A0690,23,M,Swimming,56.02,30.23,6.19,5.16,3,6.0,13468,0,343,33.3,4
A0691,21,F,Soccer,62.98,51.2,5.98,4.87,2,7.5,11051,0,373,24.6,2
A0692,18,M,Tennis,65.66,41.49,6.2,3.77,2,5.8,13322,1,325,25.1,5
A0693,23,F,Soccer,61.5,56.33,5.97,3.48,1,5.0,12229,0,245,28.9,1
A0694,22,F,Basketball,66.36,45.58,6.23,4.67,0,8.2,12866,1,320,24.8,2
A0695,20,F,Volleyball,52.93,36.58,5.66,3.37,2,5.9,11597,0,287,30.0,2
A0696,20,M,Swimming,59.57,34.68,6.89,3.41,1,6.2,10555,0,260,30.7,1
A0697,18,M,Basketball,68.49,52.7,6.81,3.98,2,7.8,9089,0,245,21.0,4
A0698,21,M,Volleyball,77.73,50.53,6.85,2.3,1,7.1,12575,1,378,16.8,2
A0699,21,M,Basketball,81.26,56.13,6.44,2.84,2,8.1,12958,0,389,27.4,3
A0700,22,F,Tennis,64.33,45.05,6.32,3.75,1,7.8,8458,0,362,25.6,2
A0701,18,M,Swimming,68.4,44.72,7.94,4.38,1,6.5,12721,0,280,18.8,5
A0702,20,M,Soccer,79.82,43.09,6.57,3.36,3,8.0,12254,0,369,20.6,1
A0703,21,F,Soccer,53.29,41.71,7.76,3.84,3,7.2,14304,0,244,20.6,5
A0704,18,M,Volleyball,66.3,43.04,5.5,2.71,2,6.4,13373,0,317,24.7,4
A0705,24,F,Athletics,67.68,46.09,7.09,4.75,2,7.3,10007,0,395,29.0,3
A0706,21,F,Tennis,74.48,40.78,5.77,4.18,1,5.7,9920,1,246,29.3,1
A0707,23,F,Volleyball,48.63,36.65,5.94,4.25,4,7.8,13035,0,357,28.0,2
A0708,24,F,Athletics,50.61,45.8,6.09,4.39,2,7.7,13668,0,351,22.5,3
A0709,21,F,Basketball,60.21,40.67,6.03,4.06,1,7.1,14298,0,393,35.1,2
A0710,20,F,Tennis,63.78,28.8,6.03,3.61,5,5.1,14629,0,370,24.2,4
A0711,19,F,Basketball,71.23,47.76,7.72,4.9,6,8.2,12527,1,361,22.1,1
A0712,24,F,Swimming,65.18,39.46,6.55,4.13,4,7.4,13146,0,222,17.2,4
A0713,22,M,Tennis,58.49,48.31,6.73,3.87,3,7.0,9003,0,260,22.3,4
A0714,22,M,Athletics,64.16,48.19,6.04,3.99,0,6.8,11083,1,364,26.2,4
A0715,20,M,Swimming,63.01,46.42,7.36,3.98,1,6.5,10114,0,212,16.1,4
A0716,21,M,Soccer,77.45,57.48,6.86,3.86,0,6.7,10589,0,398,19.2,2
A0717,18,F,Athletics,61.66,44.31,6.19,4.36,2,7.8,10143,0,206,21.7,5
A0718,21,M,Volleyball,56.17,43.57,4.92,3.25,0,6.5,12310,1,369,20.1,2
A0719,20,F,Soccer,64.5,48.42,6.72,3.31,2,6.7,10241,1,365,19.7,3
A0720,22,M,Soccer,61.98,44.72,7.08,4.45,2,6.9,13766,1,379,29.6,4
A0721,21,M,Volleyball,44.29,50.8,5.52,3.88,3,6.9,13409,0,371,15.7,3
A0722,22,M,Tennis,59.84,38.66,6.2,4.78,4,6.4,12980,1,391,24.9,2
A0723,24,F,Soccer,58.99,38.74,7.04,4.33,2,6.8,10086,0,340,26.6,4
A0724,18,M,Athletics,54.56,48.83,4.93,3.56,2,7.3,13983,0,227,21.6,2
A0725,24,F,Swimming,70.36,39.18,5.85,4.46,3,6.1,8938,1,295,22.9,4
A0726,22,F,Soccer,52.14,48.05,6.88,4.96,1,6.8,13034,0,306,23.8,2
A0727,22,M,Athletics,64.56,46.85,7.61,4.36,2,8.9,12301,0,297,27.2,1
A0728,19,M,Basketball,58.52,41.53,8.69,4.53,2,6.9,11970,0,311,31.7,5
A0729,19,M,Athletics,61.08,46.84,8.46,3.86,3,6.1,13037,0,200,17.6,5
A0730,24,F,Swimming,64.12,38.83,6.64,4.79,3,6.0,11999,1,242,19.4,4
A0731,23,M,Athletics,46.92,40.0,6.02,3.54,3,5.7,12650,0,241,19.7,1
A0732,24,F,Volleyball,61.92,43.81,7.42,4.27,2,8.6,14627,0,294,23.9,3
A0733,19,F,Swimming,82.89,45.39,5.96,6.06,3,8.0,11408,0,377,22.0,1
A0734,22,M,Tennis,44.43,43.48,5.74,4.43,1,5.7,13615,1,387,27.3,4
A0735,20,M,Basketball,59.42,47.17,6.19,3.66,2,7.2,8770,1,328,20.7,1
A0736,24,F,Volleyball,71.23,46.94,6.07,3.66,2,8.2,8248,0,250,19.6,3
A0737,22,F,Tennis,63.02,52.65,6.91,3.94,0,7.0,13193,1,343,20.2,4
A0738,20,F,Athletics,66.88,44.52,5.9,4.68,3,6.5,8372,1,366,24.6,5
A0739,20,M,Swimming,36.24,50.97,6.59,4.12,3,9.2,13950,0,214,28.8,1
A0740,19,F,Basketball,65.98,49.6,8.09,3.48,4,5.1,10926,0,324,23.8,5
A0741,24,M,Volleyball,52.38,56.47,6.62,3.48,0,9.6,11857,0,360,21.2,5
A0742,21,F,Tennis,63.1,44.36,8.02,4.12,0,7.1,12930,1,286,18.8,2
A0743,18,F,Tennis,59.71,42.9,7.7,4.03,2,8.3,8701,0,252,31.3,3
A0744,19,M,Basketball,82.78,51.29,7.09,4.36,1,5.8,10185,0,344,15.2,1
A0745,19,F,Athletics,65.47,46.93,6.15,4.73,4,6.3,14600,0,288,23.1,5
A0746,21,M,Basketball,58.87,51.41,7.54,6.18,2,5.9,14957,1,305,27.7,5
A0747,18,M,Tennis,44.9,48.58,6.25,2.83,3,6.9,14966,0,205,23.0,3
A0748,22,F,Soccer,61.21,34.47,6.5,4.55,0,7.3,8941,1,230,21.2,5
A0749,23,M,Volleyball,68.23,46.88,6.83,4.08,2,8.1,11914,1,396,26.7,5
A0750,24,M,Basketball,59.19,46.56,6.49,2.52,1,5.3,14587,0,239,18.5,5
A0751,23,F,Tennis,54.94,45.67,5.78,5.0,1,7.2,14496,0,357,15.3,5
A0752,22,M,Athletics,54.27,44.34,4.97,4.34,0,7.9,13091,0,268,25.8,2
A0753,19,M,Tennis,65.35,37.04,7.46,4.64,1,8.1,8793,1,334,19.0,2
A0754,18,M,Athletics,67.59,49.37,7.07,2.64,1,6.6,14554,0,212,24.7,4
A0755,19,F,Basketball,73.61,46.87,4.78,3.82,1,6.6,8677,0,203,23.4,1
A0756,20,M,Athletics,50.05,50.51,5.75,3.14,0,6.9,13909,0,377,25.3,3
A0757,19,F,Swimming,65.26,37.31,6.68,5.73,3,7.2,9561,0,202,22.9,4
A0758,19,F,Swimming,58.78,47.54,6.94,4.92,1,8.3,12053,1,339,26.8,2
A0759,22,M,Swimming,59.08,43.83,4.98,3.46,0,5.8,8452,0,264,20.5,2
A0760,22,M,Soccer,64.02,45.72,6.41,2.77,1,6.2,10466,1,226,27.9,2
A0761,22,M,Basketball,64.08,43.88,7.04,4.16,2,5.7,14593,0,306,17.9,4
A0762,23,F,Tennis,65.29,47.72,6.15,4.87,3,7.4,11656,0,249,29.9,2
A0763,20,M,Tennis,49.43,44.19,6.76,2.61,2,8.1,13234,1,216,34.3,4
A0764,22,M,Soccer,52.5,39.74,6.01,3.25,3,5.6,12146,0,399,24.5,2
A0765,18,M,Athletics,74.86,45.43,7.41,3.12,1,7.1,13488,1,231,31.8,5
A0766,23,M,Soccer,57.79,43.93,5.7,4.69,1,8.0,11754,0,378,33.1,5
A0767,21,M,Athletics,63.06,44.58,5.36,3.7,2,7.8,13634,0,216,22.4,1
A0768,18,F,Athletics,70.55,29.06,6.53,3.74,1,7.8,8209,0,233,24.2,2
A0769,24,F,Volleyball,64.63,48.41,5.07,4.14,2,5.8,12983,1,234,19.9,1
A0770,24,M,Tennis,65.47,43.43,4.39,3.3,1,7.8,9926,1,351,20.3,4
A0771,18,M,Swimming,68.95,38.26,7.58,2.85,2,6.8,12945,0,381,25.2,1
A0772,22,M,Athletics,38.83,49.61,5.52,5.1,1,8.1,11966,0,345,15.8,2
A0773,21,M,Volleyball,55.1,48.18,5.17,5.17,4,7.4,9877,0,249,28.2,4
A0774,21,F,Tennis,64.69,43.36,5.69,4.14,2,6.2,8626,0,373,24.8,4
A0775,23,M,Swimming,73.88,39.24,5.64,4.2,1,7.3,10726,1,375,27.4,5
A0776,21,F,Athletics,60.66,45.89,6.36,5.01,3,7.8,9458,0,302,23.1,4
A0777,24,F,Athletics,51.55,45.62,5.41,4.13,2,6.5,10824,1,232,27.4,4
A0778,20,M,Soccer,51.82,49.62,7.0,3.66,1,7.1,9250,0,288,25.2,1
A0779,22,F,Soccer,68.84,42.78,7.15,4.03,3,5.7,12758,1,354,26.5,4
A0780,21,F,Tennis,57.82,50.97,5.23,5.11,3,7.5,12363,0,328,28.5,3
A0781,23,F,Swimming,59.93,42.3,5.88,4.04,0,6.9,10163,0,284,17.7,5
A0782,24,F,Athletics,66.15,38.27,5.98,3.46,1,7.9,9623,1,258,20.5,5
A0783,20,M,Tennis,30.98,39.34,6.33,4.12,0,7.5,9853,0,209,35.6,4
A0784,19,M,Tennis,80.0,44.69,7.58,4.52,0,6.6,8753,1,352,25.0,1
A0785,19,F,Basketball,52.69,44.67,7.64,4.43,3,6.2,13448,1,256,15.4,5
A0786,20,M,Soccer,62.42,46.64,9.0,4.44,1,5.9,9868,0,265,15.4,5
A0787,24,M,Swimming,42.95,44.55,4.23,3.34,3,6.5,13159,0,318,23.6,3
A0788,23,M,Athletics,55.77,49.89,5.58,4.62,0,7.9,8181,0,311,21.4,4
A0789,20,M,Tennis,72.45,43.69,8.31,4.02,2,5.2,9513,0,214,20.0,5
A0790,22,M,Athletics,40.84,35.02,4.7,3.43,4,6.0,8902,0,355,33.0,5
A0791,22,F,Basketball,71.26,44.39,8.29,4.61,0,7.9,11344,0,212,22.2,5
A0792,19,M,Swimming,57.26,34.97,6.65,3.64,0,8.3,13238,0,313,28.1,5
A0793,21,M,Tennis,64.87,46.36,6.68,2.74,1,6.0,11453,0,317,25.3,1
A0794,23,M,Athletics,66.58,50.29,5.22,3.2,2,6.0,11607,0,341,22.5,2
A0795,19,M,Soccer,64.41,40.07,6.05,3.85,2,8.4,14401,0,313,18.3,3
A0796,21,F,Basketball,51.35,52.09,8.25,4.46,2,6.9,13602,0,393,27.8,1
A0797,21,F,Swimming,56.35,49.21,6.45,3.31,1,6.1,10556,0,233,12.3,3
A0798,22,F,Basketball,45.38,51.03,6.06,3.81,3,8.0,10139,0,300,28.4,5
A0799,24,F,Soccer,64.92,45.95,6.91,3.03,2,7.5,14098,0,224,24.8,3
A0800,18,M,Swimming,77.02,40.04,6.31,4.79,3,7.7,13280,0,311,27.1,4
A0801,24,F,Basketball,41.76,48.9,6.85,5.37,1,6.2,12244,0,253,24.0,4
A0802,18,M,Volleyball,52.38,41.88,5.65,5.29,0,7.4,10164,1,211,17.8,2
A0803,20,M,Soccer,58.18,45.59,6.42,4.77,3,8.2,14601,0,325,26.0,2
A0804,22,M,Soccer,61.73,44.14,5.86,4.69,0,7.6,10612,0,336,28.2,3
A0805,21,M,Soccer,68.79,50.62,4.7,2.34,1,7.9,14957,1,230,21.6,1
A0806,23,M,Volleyball,58.48,48.65,6.98,4.14,1,8.4,14188,1,277,27.3,1
A0807,18,F,Volleyball,56.84,44.6,5.27,3.6,0,7.4,13896,0,252,25.5,5
A0808,24,F,Athletics,71.03,35.24,6.34,4.7,2,6.4,10021,0,311,26.3,1
A0809,21,F,Tennis,66.62,41.82,7.43,1.97,1,7.9,10821,0,242,19.7,2
A0810,18,F,Basketball,65.39,48.52,5.0,4.15,2,5.9,13938,0,365,30.4,1
A0811,18,M,Athletics,61.13,46.4,7.1,3.83,3,6.8,14132,1,241,25.5,5
A0812,18,F,Basketball,69.83,37.48,6.2,4.89,5,7.6,10281,0,323,28.2,4
A0813,23,M,Tennis,53.44,35.97,5.53,5.24,2,3.8,13494,1,399,22.1,1
A0814,22,F,Volleyball,52.07,45.98,8.52,3.26,3,7.3,9570,0,375,28.9,1
A0815,23,M,Tennis,67.46,39.71,6.5,3.29,2,7.3,13969,1,266,21.9,2
A0816,19,M,Volleyball,43.75,40.2,5.93,4.18,3,5.9,9972,0,265,19.5,3
A0817,21,F,Tennis,60.92,48.36,5.72,5.39,1,7.3,11986,0,343,32.9,4
A0818,22,M,Athletics,56.83,51.01,7.38,4.05,2,7.2,10244,0,282,12.1,3
A0819,22,M,Swimming,45.94,41.25,5.89,2.98,0,7.0,14168,0,293,38.9,5
A0820,22,F,Athletics,50.69,44.78,7.26,3.52,1,8.2,10442,0,304,27.5,5
A0821,24,M,Basketball,58.91,44.63,6.5,4.16,0,7.9,8713,1,343,22.4,3
A0822,22,F,Athletics,70.34,44.18,7.62,4.19,3,7.6,13904,0,230,25.6,2
A0823,23,F,Soccer,53.47,45.2,5.46,3.44,1,6.0,11545,1,317,27.5,2
A0824,22,F,Basketball,72.13,48.78,5.6,3.5,2,7.0,8222,0,385,22.3,2
A0825,20,M,Tennis,60.63,41.63,6.22,3.21,1,8.2,8863,0,227,34.2,4
A0826,21,M,Basketball,73.1,37.37,6.3,4.91,0,6.8,12625,1,203,31.4,5
A0827,22,M,Swimming,53.96,53.45,6.15,3.33,2,8.6,13307,0,337,37.6,5
A0828,21,F,Volleyball,59.51,50.45,9.13,3.63,2,7.7,9425,0,378,17.9,5
A0829,20,M,Tennis,63.68,39.48,8.56,3.61,2,8.7,10304,0,217,25.1,4
A0830,20,F,Basketball,58.2,45.68,6.8,2.72,1,5.9,8653,0,246,17.1,5
A0831,21,F,Tennis,69.53,50.05,6.92,3.31,3,6.8,9159,1,359,18.5,3
A0832,18,M,Tennis,37.92,48.75,6.26,4.98,4,6.9,9842,0,357,22.4,1
A0833,19,F,Tennis,84.22,47.31,5.45,3.03,2,7.6,14734,0,363,22.5,4
A0834,24,M,Volleyball,68.58,44.15,6.32,3.23,3,6.3,8443,1,208,25.8,1
A0835,18,M,Athletics,58.26,53.64,7.27,2.93,2,5.4,10465,0,363,23.4,3
A0836,18,M,Tennis,54.48,46.1,7.81,3.93,6,7.4,12669,0,228,28.0,2
A0837,23,M,Soccer,51.34,42.43,7.5,5.51,5,6.6,14272,1,343,25.6,2
A0838,24,M,Swimming,66.46,49.36,4.99,3.89,1,6.5,13106,0,291,32.2,2
A0839,24,F,Volleyball,69.95,45.48,6.21,4.05,1,6.3,12436,1,348,28.1,4
A0840,18,F,Basketball,58.37,46.75,5.03,3.36,3,7.1,10857,0,263,18.1,2
A0841,22,F,Volleyball,71.07,46.02,7.67,3.95,3,5.9,9280,1,310,23.3,4
A0842,23,M,Basketball,50.93,47.48,6.09,4.98,6,6.8,11039,1,393,23.6,4
A0843,23,M,Volleyball,49.16,40.11,6.45,4.11,2,6.2,11795,0,323,26.2,1
A0844,20,M,Basketball,78.13,37.74,6.98,5.71,1,6.4,11637,0,386,29.4,2
A0845,24,F,Tennis,65.91,52.17,9.27,5.01,0,7.4,11758,0,309,25.4,5
A0846,18,M,Athletics,73.97,46.25,6.77,3.93,2,7.7,8099,1,317,26.9,2
A0847,20,F,Basketball,51.46,48.85,6.26,3.92,3,6.7,10086,0,355,18.3,2
A0848,21,F,Basketball,50.76,36.2,5.26,5.3,2,8.0,10310,0,382,21.7,2
A0849,19,M,Soccer,56.41,50.33,7.96,4.11,3,6.0,12245,0,299,14.4,5
A0850,23,M,Basketball,51.76,42.39,6.32,5.13,1,5.5,13752,1,230,26.2,5
A0851,21,F,Soccer,67.05,40.97,8.16,5.6,1,5.7,10737,0,360,28.2,4
A0852,21,M,Swimming,52.49,44.68,7.61,3.84,3,5.9,14956,0,387,17.4,5
A0853,22,F,Tennis,48.28,40.11,6.04,4.28,0,5.7,13449,0,368,24.8,4
A0854,19,M,Soccer,61.42,44.99,5.11,4.78,1,9.0,13239,0,280,23.5,1
A0855,21,M,Athletics,47.1,44.32,6.77,4.61,3,5.4,9607,0,245,32.4,4
A0856,21,F,Tennis,42.01,50.3,5.89,4.61,2,7.9,14362,0,248,19.5,2
A0857,19,M,Soccer,61.33,52.57,6.54,2.93,1,7.0,10953,1,392,28.6,3
A0858,19,F,Tennis,42.51,52.41,7.55,3.32,1,7.2,11981,1,241,29.7,3
A0859,21,M,Tennis,67.75,33.68,4.85,3.6,6,6.1,13933,0,350,23.0,2
A0860,19,F,Tennis,46.05,40.32,6.76,4.97,1,7.3,11194,0,311,25.5,4
A0861,21,F,Swimming,37.59,33.63,7.26,3.01,2,6.1,12339,0,226,29.4,2
A0862,21,M,Athletics,57.06,39.03,7.31,5.22,1,7.9,12682,0,359,18.5,5
A0863,22,F,Volleyball,61.45,41.75,5.14,4.62,1,8.0,14661,0,287,21.9,4
A0864,18,M,Volleyball,64.91,47.05,6.92,4.92,2,6.9,11092,0,320,24.9,2
A0865,21,M,Soccer,61.72,42.4,7.7,3.26,2,6.9,14333,0,202,34.3,5
A0866,20,M,Tennis,49.41,42.54,6.84,4.06,1,7.4,10962,1,259,22.0,5
A0867,23,F,Soccer,67.13,45.91,6.38,4.24,2,7.4,10662,1,278,22.7,4
A0868,24,F,Swimming,69.6,36.45,7.64,4.2,1,8.0,8855,0,344,31.7,1
A0869,18,M,Swimming,47.94,40.81,5.81,4.24,3,8.0,14609,0,231,27.3,1
A0870,18,M,Basketball,58.19,42.48,4.97,3.78,3,7.0,10146,1,206,34.9,5
A0871,18,F,Swimming,57.26,43.99,6.3,4.11,3,6.5,14131,1,270,29.5,1
A0872,22,M,Basketball,62.2,45.38,7.04,4.83,3,7.8,12925,0,327,23.3,5
A0873,21,M,Athletics,57.95,52.5,7.54,3.07,4,6.8,9386,0,396,22.6,1
A0874,22,F,Soccer,59.32,49.54,7.03,5.24,3,7.1,9716,0,257,19.9,5
A0875,21,M,Athletics,66.42,41.15,7.34,4.79,0,7.5,13783,0,367,17.5,5
A0876,22,F,Swimming,48.86,43.69,7.55,3.23,0,8.0,12151,0,311,25.7,5
A0877,22,M,Athletics,67.37,43.35,6.16,4.31,2,7.3,9725,0,247,27.1,5
A0878,23,F,Athletics,71.41,42.43,6.35,4.72,3,6.4,9953,0,378,27.7,3
A0879,20,M,Athletics,76.34,46.36,7.79,3.01,1,8.8,13141,0,384,23.4,1
A0880,22,M,Swimming,38.57,35.7,5.29,4.03,2,8.5,14723,0,310,33.7,5
A0881,23,F,Tennis,58.17,49.4,6.93,3.94,2,6.0,8184,1,270,17.2,2
A0882,19,M,Athletics,40.35,53.47,5.78,3.48,3,6.1,8521,0,364,16.6,4
A0883,20,F,Basketball,35.65,43.65,7.6,4.07,0,6.2,13697,0,274,19.9,2
A0884,22,M,Swimming,61.44,43.55,6.48,3.52,1,7.8,10311,0,273,24.0,2
A0885,24,F,Athletics,56.01,45.79,6.51,5.1,1,8.8,9248,0,320,18.5,3
A0886,18,F,Tennis,63.0,50.1,8.23,3.5,1,6.5,9658,0,254,30.7,1
A0887,19,F,Swimming,64.86,43.38,5.42,4.63,0,7.2,13157,0,240,20.3,3
A0888,19,F,Volleyball,72.48,49.67,6.72,2.68,2,6.2,9002,0,296,19.4,1
A0889,23,M,Tennis,60.54,47.44,6.32,3.87,0,8.7,14266,0,347,29.3,5
A0890,19,M,Basketball,89.23,56.81,7.03,4.01,0,7.8,11227,0,232,25.0,3
A0891,20,F,Athletics,63.06,43.36,8.43,3.84,2,6.2,14444,1,367,27.9,4
A0892,22,F,Volleyball,78.42,35.12,5.89,3.68,4,4.9,14976,0,233,23.8,1
A0893,22,F,Volleyball,36.67,37.84,5.3,3.47,1,8.0,14113,0,261,25.4,3
A0894,24,M,Swimming,73.5,45.06,5.69,4.6,3,6.4,11138,0,218,16.8,4
A0895,18,M,Volleyball,58.19,50.14,6.27,4.8,1,7.8,9928,0,370,23.3,2
A0896,23,M,Basketball,40.52,41.74,6.56,3.93,2,7.3,14788,0,396,18.8,5
A0897,18,M,Basketball,64.21,43.85,6.61,3.12,2,5.2,8393,0,390,33.8,5
A0898,19,F,Soccer,56.97,48.42,8.3,5.44,0,6.2,9617,1,209,30.5,2
A0899,24,F,Basketball,65.8,40.17,8.12,3.3,3,6.6,11641,1,319,20.7,3
A0900,18,F,Tennis,70.11,41.94,7.8,2.83,2,6.3,8660,0,322,23.0,2
A0901,20,M,Volleyball,45.11,39.16,9.01,2.39,7,7.1,13524,1,303,23.2,4
A0902,22,M,Basketball,70.15,50.89,7.32,4.08,1,7.4,13250,0,340,34.8,1
A0903,19,M,Swimming,60.06,52.71,7.61,3.83,2,8.8,12164,1,204,26.0,3
A0904,24,F,Soccer,73.53,37.1,7.3,4.82,1,7.5,14905,0,257,21.9,1
A0905,18,F,Volleyball,57.95,44.29,7.14,4.49,1,8.5,8319,0,258,24.7,2
A0906,23,M,Soccer,55.3,52.04,6.89,4.23,1,6.5,10224,0,327,16.3,5
A0907,20,F,Volleyball,60.27,46.99,6.1,3.78,6,8.2,8583,0,386,23.6,1
A0908,20,M,Swimming,61.02,42.55,5.25,4.89,0,6.6,11600,1,285,18.6,1
A0909,18,M,Soccer,53.37,37.27,6.37,5.49,1,6.1,13960,1,303,14.8,5
A0910,22,F,Athletics,55.04,50.76,7.07,4.81,0,6.0,13279,0,342,33.9,1
A0911,18,M,Tennis,47.73,46.8,6.57,3.63,6,4.4,8581,1,328,23.9,1
A0912,19,F,Tennis,55.65,37.64,5.43,4.63,1,7.9,11696,1,237,20.1,5
A0913,18,M,Volleyball,66.76,50.95,6.33,3.68,2,5.7,9767,0,306,15.5,5
A0914,20,F,Athletics,58.63,37.0,6.28,3.12,4,8.4,9556,0,308,22.9,2
A0915,24,F,Soccer,70.09,43.9,6.44,3.28,0,6.8,9798,0,252,23.3,2
A0916,18,F,Athletics,58.15,43.68,6.99,3.71,2,5.4,12206,0,251,27.8,1
A0917,22,M,Athletics,45.68,53.09,7.21,4.08,2,5.9,8998,0,200,19.2,3
A0918,24,M,Soccer,65.97,43.69,6.0,5.65,1,7.2,8757,0,210,21.3,2
A0919,23,F,Swimming,53.26,43.68,7.48,3.29,4,5.1,8282,0,257,19.4,2
A0920,21,F,Athletics,57.67,38.18,7.63,5.06,2,7.6,13838,0,327,22.9,3
A0921,18,M,Athletics,72.38,41.8,6.82,3.75,2,5.5,14337,1,367,14.0,3
A0922,22,M,Swimming,48.39,40.91,7.16,2.39,1,6.3,13166,0,387,20.0,5
A0923,24,M,Athletics,61.65,41.17,7.48,3.6,1,7.2,14485,0,243,27.1,2
A0924,22,F,Athletics,59.59,45.03,5.4,4.94,6,7.5,14665,0,205,17.9,4
A0925,23,M,Athletics,67.01,32.83,7.55,4.28,3,7.8,13489,0,355,29.0,4
A0926,20,M,Tennis,68.55,37.45,5.71,4.32,2,5.7,12896,0,358,28.4,1
A0927,22,F,Basketball,62.64,44.44,5.81,5.06,4,6.7,8130,0,207,28.8,2
A0928,24,M,Swimming,56.4,45.61,6.7,3.17,0,8.1,9293,0,204,24.0,4
A0929,22,M,Athletics,64.73,43.83,4.36,3.16,0,6.7,14059,0,305,23.5,2
A0930,22,M,Tennis,73.36,44.8,6.68,2.19,2,7.3,14957,0,381,25.6,2
A0931,22,F,Swimming,59.73,42.95,7.48,4.7,2,7.2,8060,0,311,30.6,4
A0932,19,F,Volleyball,57.33,44.91,4.85,4.45,3,8.3,10211,0,216,30.1,2
A0933,19,F,Volleyball,63.88,47.17,7.59,4.58,2,6.5,9548,0,365,15.7,3
A0934,20,F,Athletics,60.39,47.14,5.8,3.05,4,5.6,12367,0,208,19.6,1
A0935,18,F,Tennis,46.62,41.56,6.71,2.72,6,6.0,9781,0,277,18.7,5
A0936,22,F,Tennis,62.39,49.58,5.95,2.94,0,7.2,14276,1,213,27.6,4
A0937,23,F,Swimming,46.53,45.79,7.07,3.26,2,5.4,13363,0,353,20.6,5
A0938,18,M,Swimming,63.74,51.16,7.52,5.24,0,6.5,13553,1,312,23.0,1
A0939,23,M,Tennis,52.03,52.16,7.15,4.8,1,7.1,8037,1,389,32.5,3
A0940,18,F,Swimming,60.37,37.79,6.5,3.63,0,6.2,13990,0,290,29.6,3
A0941,20,M,Tennis,63.91,40.7,6.02,4.24,1,7.3,13438,0,224,30.9,3
A0942,22,M,Basketball,84.54,49.07,6.43,3.46,4,7.7,11631,0,363,20.4,3
A0943,22,F,Tennis,67.43,36.68,7.16,4.29,2,7.5,10664,0,297,10.1,4
A0944,21,M,Volleyball,73.65,52.1,7.19,3.09,5,5.5,8473,0,360,22.0,4
A0945,23,M,Swimming,78.72,43.28,7.05,4.6,2,7.1,8058,0,202,16.8,2
A0946,18,M,Tennis,64.89,47.88,5.22,3.32,3,7.2,10636,0,338,14.3,2
A0947,18,M,Tennis,62.86,44.42,6.48,4.64,1,6.6,14059,0,311,29.6,1
A0948,19,M,Swimming,49.33,38.04,5.87,3.66,5,7.3,14642,1,385,19.5,2
A0949,21,F,Basketball,58.83,50.28,7.16,3.37,2,7.3,14014,0,391,20.0,1
A0950,24,F,Basketball,52.77,58.75,5.74,5.29,0,6.9,10614,1,345,22.2,1
A0951,24,F,Swimming,55.99,42.42,6.95,4.14,4,6.0,10614,1,246,32.2,1
A0952,19,M,Soccer,78.71,43.39,6.22,3.74,1,7.0,12999,1,371,23.2,3
A0953,19,F,Swimming,61.15,31.75,4.62,4.61,2,8.9,12478,1,386,28.8,5
A0954,19,M,Swimming,51.24,51.76,7.43,2.93,5,6.6,9411,0,249,22.4,5
A0955,23,M,Basketball,73.75,49.56,6.47,4.89,2,8.0,8084,0,396,16.1,4
A0956,23,M,Basketball,69.55,36.33,7.78,3.89,2,7.0,9533,0,356,18.1,1
A0957,20,M,Swimming,70.08,34.68,4.83,4.48,5,6.2,11797,0,323,24.0,3
A0958,20,F,Swimming,39.94,35.25,6.21,2.76,0,6.7,10674,1,289,24.5,2
A0959,19,F,Swimming,79.49,48.23,6.28,3.69,4,7.0,10873,1,266,26.7,2
A0960,21,M,Basketball,54.41,48.72,6.77,4.0,3,7.7,14436,0,201,26.7,4
A0961,18,F,Swimming,67.78,40.38,5.17,4.82,5,9.4,11120,0,352,28.5,4
A0962,23,M,Swimming,85.24,47.5,7.04,4.54,0,7.1,9090,0,346,20.2,1
A0963,21,F,Athletics,81.55,45.79,8.41,3.69,2,5.8,10834,0,367,33.1,1
A0964,22,F,Soccer,50.22,43.16,6.97,4.25,1,5.3,12224,0,201,33.6,2
A0965,23,M,Volleyball,45.55,49.85,6.59,5.01,5,6.6,10076,0,264,21.4,2
A0966,23,F,Soccer,74.3,38.98,5.12,3.84,3,5.9,13664,1,389,20.0,2
A0967,20,M,Athletics,61.42,50.74,5.73,3.75,1,7.6,11190,0,290,15.1,2
A0968,18,F,Volleyball,54.99,41.36,6.44,2.49,2,7.6,12787,1,381,24.9,5
A0969,18,M,Swimming,66.21,53.91,5.97,3.78,0,6.9,14056,0,372,26.3,1
A0970,24,M,Athletics,58.37,39.97,7.53,2.61,1,7.7,12228,1,315,21.1,1
A0971,24,F,Swimming,67.01,43.24,7.03,3.91,5,7.1,9208,0,248,25.4,2
A0972,24,F,Basketball,60.67,45.29,9.19,4.79,1,8.9,11577,1,268,17.1,3
A0973,24,M,Tennis,67.22,45.26,5.52,2.3,3,7.6,12741,0,365,28.8,2
A0974,22,F,Athletics,51.05,47.45,6.53,4.99,1,7.9,14832,0,331,21.3,4
A0975,22,F,Basketball,74.24,38.57,5.12,3.74,3,5.6,10581,0,344,25.4,3
A0976,23,M,Athletics,66.98,44.81,4.28,3.98,5,5.8,13708,1,325,25.1,4
A0977,19,M,Athletics,66.46,45.69,7.22,3.6,0,7.5,11787,0,380,14.2,3
A0978,20,F,Basketball,48.82,42.36,7.0,2.63,1,5.5,8515,0,252,28.2,4
A0979,20,M,Volleyball,77.0,47.02,5.65,3.37,3,6.4,14141,0,311,20.1,2
A0980,24,M,Soccer,59.86,38.27,6.59,5.68,1,8.2,13959,0,358,25.0,2
A0981,23,M,Swimming,67.28,43.37,5.87,3.12,3,6.4,10212,1,349,17.0,3
A0982,21,F,Athletics,56.77,41.23,6.01,2.73,0,5.8,10974,0,338,21.6,4
A0983,19,F,Swimming,62.61,43.38,6.18,4.11,1,7.7,8932,0,361,25.8,5
A0984,23,M,Tennis,62.97,52.24,5.6,3.93,0,9.1,9663,1,312,18.6,3
A0985,19,F,Basketball,31.8,52.33,5.78,3.74,2,6.2,8556,1,342,18.9,3
A0986,19,M,Swimming,65.82,51.35,5.81,4.01,4,8.2,9671,1,313,24.6,1
A0987,19,F,Basketball,79.65,42.69,6.92,4.52,1,6.1,14823,0,337,23.2,3
A0988,23,M,Swimming,65.4,49.54,3.73,3.53,3,6.9,8992,0,380,25.7,5
A0989,24,M,Soccer,50.42,45.56,6.27,4.16,1,6.9,9628,0,247,22.2,2
A0990,20,F,Soccer,66.5,45.23,5.41,4.82,2,6.2,9691,1,230,27.2,4
A0991,20,M,Soccer,70.59,44.61,5.45,3.2,3,7.9,12852,0,236,21.2,1
A0992,24,F,Soccer,65.12,53.79,5.97,2.14,0,5.5,9104,0,307,27.0,4
A0993,19,F,Soccer,59.26,51.83,6.49,4.54,2,7.2,9270,0,227,19.5,2
A0994,21,M,Soccer,57.58,48.72,6.29,6.0,3,8.1,10902,0,358,20.9,3
A0995,18,M,Basketball,57.54,44.15,5.44,3.99,3,7.8,14636,1,269,27.7,5
A0996,23,F,Athletics,66.98,45.2,7.22,4.16,1,7.5,12744,0,213,21.4,1
A0997,18,M,Swimming,45.93,47.65,5.6,3.76,1,8.6,9409,0,321,18.1,5
A0998,24,M,Soccer,56.28,42.39,5.77,5.27,2,6.8,11646,1,215,32.7,5
A0999,21,M,Basketball,75.96,49.69,6.78,3.94,0,5.5,13087,0,224,23.8,5
A1000,23,M,Basketball,76.34,40.39,6.82,3.85,1,7.1,9330,0,366,26.4,5
A1001,24,M,Basketball,45.22,46.96,5.89,4.73,4,6.9,12723,1,265,12.7,2
A1002,19,F,Athletics,48.69,33.55,3.56,3.61,1,4.9,14768,1,237,30.7,5
A1003,20,F,Swimming,57.29,42.25,5.61,2.97,3,5.9,14686,0,368,37.2,5
A1004,18,M,Athletics,68.93,55.39,6.66,4.71,5,5.7,10054,0,302,30.2,2
A1005,22,M,Volleyball,41.73,50.18,7.19,3.53,2,6.2,14045,0,297,30.9,4
A1006,22,M,Basketball,59.45,52.68,6.42,3.22,2,6.6,8953,1,314,22.0,2
A1007,21,F,Volleyball,55.26,41.66,6.02,5.68,1,6.7,14658,1,239,25.3,3
A1008,19,M,Tennis,73.26,45.52,8.79,3.86,3,6.2,9842,0,263,26.4,2
A1009,18,F,Soccer,43.23,51.41,6.13,4.4,1,5.7,10802,0,288,20.5,4
A1010,19,F,Soccer,60.93,48.17,7.11,4.02,2,7.4,14216,0,299,23.4,3
A1011,18,F,Athletics,56.06,47.54,5.16,3.29,2,7.1,8009,0,343,19.0,3
A1012,21,M,Swimming,74.7,53.15,5.41,4.55,1,7.1,13692,0,281,22.0,1
A1013,21,F,Volleyball,65.98,39.8,7.15,4.25,4,8.8,10609,1,276,28.2,5
A1014,22,M,Swimming,54.14,44.08,7.54,3.47,2,7.2,8121,0,258,15.2,3
A1015,19,F,Athletics,68.53,36.23,6.11,4.35,1,6.6,12782,0,290,28.8,3
A1016,23,M,Soccer,56.11,39.52,4.65,3.59,2,6.9,14105,0,297,16.1,4
A1017,22,F,Swimming,69.99,50.37,6.33,3.12,0,7.1,10560,0,338,24.3,3
A1018,19,M,Swimming,57.63,40.41,6.69,3.04,0,7.6,11037,0,200,24.7,4
A1019,22,F,Soccer,70.55,48.68,6.6,4.22,1,7.0,8440,0,212,26.9,5
A1020,23,M,Volleyball,64.36,53.29,5.94,3.69,0,5.1,10749,0,229,23.1,1
A1021,20,M,Soccer,92.6,44.11,6.35,5.2,2,6.6,8590,0,396,18.8,1
A1022,20,M,Swimming,59.47,47.6,5.75,3.97,4,7.0,9368,0,217,24.9,5
A1023,20,M,Volleyball,63.83,48.72,5.39,3.37,2,8.3,9989,1,277,34.9,5
A1024,20,F,Volleyball,55.21,38.89,7.26,4.13,5,6.2,9361,0,340,23.9,2
A1025,24,F,Soccer,60.03,41.92,6.6,2.96,4,5.4,11773,0,231,19.6,3
A1026,18,M,Swimming,32.98,39.98,6.35,3.93,4,7.1,13303,1,270,21.7,3
A1027,24,F,Athletics,64.66,42.32,5.99,4.26,2,7.9,14210,0,399,24.8,3
A1028,24,M,Swimming,73.43,48.58,6.32,4.16,3,6.6,10064,1,249,22.7,4
A1029,24,M,Basketball,63.97,42.02,6.66,5.04,3,9.4,13502,0,398,22.0,2
A1030,20,F,Tennis,46.86,44.82,8.23,6.08,2,9.1,10415,1,315,30.6,3
A1031,23,M,Athletics,51.98,39.79,7.15,4.54,3,6.9,10951,1,312,26.6,4
A1032,21,M,Volleyball,35.7,51.13,5.83,4.94,2,7.2,13435,1,279,23.4,4
A1033,21,F,Athletics,69.79,42.27,5.84,6.03,1,8.4,13616,0,230,23.4,1
A1034,18,M,Volleyball,49.93,52.61,5.69,3.2,2,6.9,10768,0,250,24.9,4
A1035,20,M,Volleyball,59.71,45.3,6.3,4.1,1,6.2,11416,0,354,26.8,5
A1036,20,M,Athletics,58.46,37.97,5.69,3.62,1,7.9,9576,0,259,30.4,4
A1037,20,M,Volleyball,74.88,44.14,6.97,4.67,6,7.5,13003,1,232,21.9,5
A1038,22,F,Volleyball,60.85,39.69,3.86,4.22,2,6.2,14616,0,380,19.0,5
A1039,19,F,Basketball,68.09,47.95,7.04,3.35,1,7.3,8114,0,326,21.2,1
A1040,22,F,Swimming,65.46,43.69,6.78,4.01,2,6.8,14243,0,399,19.6,1
A1041,19,M,Swimming,73.59,45.82,7.76,4.84,1,6.6,14581,0,360,16.4,4
A1042,20,M,Tennis,57.61,43.15,7.38,2.96,2,6.2,9368,1,325,31.1,1
A1043,20,F,Tennis,78.7,42.22,5.82,3.36,4,7.1,14492,1,240,28.3,1
A1044,22,M,Basketball,40.14,40.13,7.26,3.24,1,6.7,8138,0,218,12.6,3
A1045,22,M,Tennis,68.57,49.18,6.33,4.26,1,7.3,12923,0,240,25.1,4
A1046,19,M,Athletics,51.33,44.13,4.57,4.99,4,7.8,14467,0,284,22.1,4
A1047,21,M,Soccer,55.07,43.43,6.66,2.39,4,7.2,12941,0,288,21.5,4
A1048,19,F,Soccer,65.69,44.01,5.88,4.08,2,7.2,11373,1,241,11.6,1
A1049,22,F,Soccer,65.61,41.61,6.5,3.26,3,6.5,14437,1,319,23.9,1
A1050,23,F,Basketball,66.06,43.44,8.15,4.8,3,8.2,14076,0,222,24.4,5
